"Year","state","state.code","Sum_Total_Homeless","Sum_Unemploy_Rate","mean.homeless","mean.unemploy","est_pop","homeless_proportion","unemploy_proportion"
2007,"Alabama","AL",5452,351.1,5106.3,624,4672840,0.00116674228092552,7.51363196685527e-05
2007,"Arizona","AZ",14646,82.8,11803.2,149.56,6167681,0.00237463643142374,1.34248188257467e-05
2007,"Arkansas","AR",3836,521.4,3211.4,633.61,2848650,0.0013466027767539,0.000183034068769417
2007,"California","CA",138986,437,123428.5,498.51,36250311,0.00383406365810213,1.2055068989615e-05
2007,"Colorado","CO",14225,267.3,13189.1,415.96,4803868,0.00296115546888466,5.56426612887781e-05
2007,"Connecticut","CT",4482,38.5,4354.2,58.62,3527270,0.00127067108557043,1.09149568930079e-05
2007,"Delaware","DE",1061,11.5,1001.9,20.7,871749,0.00121709345235842,1.31918705957793e-05
2007,"Hawaii","HI",6070,10.4,6497.5,22.91,1315675,0.00461360138332035,7.90468770783058e-06
2007,"Idaho","ID",1749,237.2,1976.3,352.13,1505105,0.00116204517292813,0.000157596978283907
2007,"Illinois","IL",15487,577.8,13811.3,890.01,12695866,0.00121984589314348,4.55108773202238e-05
2007,"Indiana","IN",7358,530.6,6437.2,755.65,6379599,0.00115336402805255,8.31713717429575e-05
2007,"Iowa","IA",2734,479.8,3088.7,585.65,2999212,0.000911572773115072,0.000159975353526193
2007,"Kansas","KS",1924,440.2,2094.9,532.9,2783785,0.000691145329111264,0.000158130028001444
2007,"Kentucky","KY",8061,866.8,5919.3,939.44,4256672,0.00189373294442231,0.00020363326091369
2007,"Louisiana","LA",5494,0,7093.1,328.47,4375581,0.00125560468426936,0
2007,"Maine","ME",2638,97.1,2528.8,128.84,1327040,0.00198788280684832,7.317036411864e-05
2007,"Maryland","MD",9628,111.9,9319.2,175.84,5653408,0.0017030435447079,1.97933706535951e-05
2007,"Massachusetts","MA",15127,83.1,17693.5,113.1,6431559,0.0023519958380231,1.29206620043445e-05
2007,"Michigan","MI",28295,780.8,15296.9,658.28,10001284,0.00282913673884273,7.80699758151053e-05
2007,"Minnesota","MN",7323,602.7,7727.1,651.42,5207203,0.00140632120545329,0.000115743519121494
2007,"Mississippi","MS",1377,674,2194.7,851.98,2928350,0.00047023067597794,0.000230163744087968
2007,"Missouri","MO",6434,660,7911,917.75,5887612,0.00109280299041445,0.000112099778314196
2007,"Montana","MT",1150,241.9,1572.9,354.64,964706,0.00119207302535695,0.000250749969420735
2007,"Nebraska","NE",3531,329.2,3411.7,381.19,1783440,0.00197988157717669,0.000184587090117974
2007,"Nevada","NV",8642,88,8907.1,156.47,2601072,0.00332247627132198,3.38322045679627e-05
2007,"New Hampshire","NH",2248,42.6,1608.5,52.18,1312540,0.00171270970789462,3.245615371722e-05
2007,"New Jersey","NJ",17314,108.1,12788,175.24,8677885,0.00199518661517178,1.24569523564786e-05
2007,"New Mexico","NM",3015,146.9,3028.3,241.53,1990070,0.00151502208465029,7.38164989171235e-05
2007,"New York","NY",62601,346.4,71603.2,497.59,19132335,0.0032719999937279,1.81054743187384e-05
2007,"North Carolina","NC",11802,578.6,11964.5,935.65,9118037,0.00129435754647629,6.34566409414658e-05
2007,"North Dakota","ND",636,249.6,966.9,249.92,652822,0.000974231873313093,0.000382340055941742
2007,"Ohio","OH",11264,605.8,12218.6,807.37,11500468,0.000979438401985032,5.26761171806226e-05
2007,"Oklahoma","OK",4221,357.3,4427.4,436.06,3634349,0.00116141845485945,9.83119672876766e-05
2007,"Oregon","OR",17590,253.1,16057.6,360.16,3722417,0.00472542436809202,6.79934569394025e-05
2007,"Pennsylvania","PA",16220,374.3,15222.1,523.41,12563937,0.00129099660401035,2.97916170703498e-05
2007,"Rhode Island","RI",1372,27.4,1264.9,44.97,1057315,0.00129762653513853,2.59146990253614e-05
2007,"South Carolina","SC",5660,368.5,5228,469.11,4444110,0.00127359583808682,8.29187396351575e-05
2007,"South Dakota","SD",579,294.4,839.2,333.56,791623,0.000731408764020247,0.000371894197111504
2007,"Tennessee","TN",11210,590.4,9710.7,893,6175727,0.00181517091024263,9.56000807678189e-05
2007,"Texas","TX",39788,0,32773.3,1161.96,23831983,0.00166952116405924,0
2007,"Utah","UT",3011,108.3,3237.1,204.88,2597746,0.0011590817578008,4.16899881666645e-05
2007,"Vermont","VT",1035,72.2,1238,86.63,623481,0.00166003454796538,0.000115801443829082
2007,"Virginia","VA",9746,561.3,8130.1,745.68,7751000,0.00125738614372339,7.24164623919494e-05
2007,"Washington","WA",23379,302.3,20838.4,384.88,6461587,0.0036181513922199,4.67841723712766e-05
2007,"West Virginia","WV",2409,317,2045.2,470.39,1834052,0.00131348511383538,0.000172841337104946
2007,"Wisconsin","WI",5648,476,5966.8,580.5,5610775,0.0010066345558323,8.48367649745356e-05
2007,"Wyoming","WY",537,84.1,859.8,127.62,534876,0.00100397101384246,0.000157232704402516
2008,"Alabama","AL",5387,398,5106.3,624,4718206,0.00114174752013795,8.43540956032865e-05
2008,"Arizona","AZ",12488,93.5,11803.2,149.56,6280362,0.00198842041270869,1.48876768568436e-05
2008,"Arkansas","AR",3255,500.9,3211.4,633.61,2874554,0.00113234957492536,0.000174253118918622
2008,"California","CA",136531,506.1,123428.5,498.51,36604337,0.00372991320673285,1.38262304819235e-05
2008,"Colorado","CO",14747,291.5,13189.1,415.96,4889730,0.00301591294406849,5.96147435543476e-05
2008,"Connecticut","CT",4627,43.2,4354.2,58.62,3545579,0.00130500547301301,1.2184187688386e-05
2008,"Delaware","DE",933,13.4,1001.9,20.7,883874,0.00105558032027189,1.51605319310218e-05
2008,"Hawaii","HI",6061,13.9,6497.5,22.91,1332213,0.00454957277852716,1.04337669726988e-05
2008,"Idaho","ID",1464,204,1976.3,352.13,1534320,0.000954168621930236,0.000132957922727984
2008,"Illinois","IL",14724,678.9,13811.3,890.01,12747038,0.00115509187310809,5.32594317205299e-05
2008,"Indiana","IN",7395,521.5,6437.2,755.65,6424806,0.00115100751680284,8.11697660598623e-05
2008,"Iowa","IA",3346,477.5,3088.7,585.65,3016734,0.00110914651407781,0.0001582837598542
2008,"Kansas","KS",1572,433.5,2094.9,532.9,2808076,0.000559813908170577,0.000154376163608107
2008,"Kentucky","KY",8137,0,5919.3,939.44,4289878,0.00189679053809922,0
2008,"Louisiana","LA",5481,0,7093.1,328.47,4435586,0.00123568791136053,0
2008,"Maine","ME",2632,105.1,2528.8,128.84,1330509,0.00197819030160638,7.89923254934766e-05
2008,"Maryland","MD",9219,104.3,9319.2,175.84,5684965,0.00162164586765266,1.8346638897513e-05
2008,"Massachusetts","MA",14506,80.8,17693.5,113.1,6468967,0.00224239820669977,1.24904022543321e-05
2008,"Michigan","MI",28248,0,15296.9,658.28,9946889,0.00283988290208124,0
2008,"Minnesota","MN",7644,601.9,7727.1,651.42,5247018,0.00145682747800751,0.000114712775904333
2008,"Mississippi","MS",1961,636.9,2194.7,851.98,2947806,0.000665240521255469,0.000216058994384298
2008,"Missouri","MO",7853,710.3,7911,917.75,5923916,0.00132564337509175,0.000119903793369116
2008,"Montana","MT",1417,309,1572.9,354.64,976415,0.00145122719335528,0.000316463798692154
2008,"Nebraska","NE",3985,338.7,3411.7,381.19,1796378,0.00221835270750365,0.000188546063245041
2008,"Nevada","NV",8726,106.1,8907.1,156.47,2653630,0.00328832580276828,3.99829667285944e-05
2008,"New Hampshire","NH",2019,41.1,1608.5,52.18,1315906,0.00153430412202695,3.12332339847983e-05
2008,"New Jersey","NJ",13832,116.1,12788,175.24,8711090,0.00158786099098965,1.33278384220574e-05
2008,"New Mexico","NM",3015,148.1,3028.3,241.53,2010662,0.00149950613280601,7.36573327590614e-05
2008,"New York","NY",61125,387.3,71603.2,497.59,19212436,0.00318153304453428,2.01588179656135e-05
2008,"North Carolina","NC",12411,615.3,11964.5,935.65,9309449,0.00133316160816822,6.60941372577475e-05
2008,"North Dakota","ND",615,238.5,966.9,249.92,657569,0.000935263067449956,0.000362699579815959
2008,"Ohio","OH",12912,615,12218.6,807.37,11515391,0.00112128194344421,5.34067840162787e-05
2008,"Oklahoma","OK",3846,288.3,4427.4,436.06,3668976,0.00104824888470243,7.85777830108455e-05
2008,"Oregon","OR",20653,267.5,16057.6,360.16,3768748,0.00548006924315449,7.09784787945493e-05
2008,"Pennsylvania","PA",15378,400.2,15222.1,523.41,12612285,0.00121928738527555,3.17309670690125e-05
2008,"Rhode Island","RI",1196,34.8,1264.9,44.97,1055003,0.00113364606546143,3.29856881923558e-05
2008,"South Carolina","SC",5660,343.8,5228,469.11,4528996,0.00124972510463688,7.591086412971e-05
2008,"South Dakota","SD",579,245.5,839.2,333.56,799124,0.00072454337499562,0.000307211396479145
2008,"Tennessee","TN",9705,683.7,9710.7,893,6247411,0.00155344349843479,0.000109437333320955
2008,"Texas","TX",40190,0,32773.3,1161.96,24309039,0.00165329448029599,0
2008,"Utah","UT",3434,129.1,3237.1,204.88,2663029,0.00128950905153493,4.84786309123934e-05
2008,"Vermont","VT",954,79.4,1238,86.63,624151,0.00152847628218172,0.000127212805875501
2008,"Virginia","VA",8469,0,8130.1,745.68,7833496,0.00108112648554362,0
2008,"Washington","WA",21954,296,20838.4,384.88,6562231,0.00334550856256051,4.51066108462198e-05
2008,"West Virginia","WV",2016,327.4,2045.2,470.39,1840310,0.00109546761143503,0.000177904809515788
2008,"Wisconsin","WI",5449,439.4,5966.8,580.5,5640996,0.000965964166611712,7.78940456614399e-05
2008,"Wyoming","WY",751,88.1,859.8,127.62,546043,0.00137534956038261,0.000161342604886428
2009,"Alabama","AL",6080,794.8,5106.3,624,4757938,0.00127786448667469,0.000167047153619908
2009,"Arizona","AZ",14721,166,11803.2,149.56,6343154,0.00232076976217194,2.6169946370528e-05
2009,"Arkansas","AR",2852,681,3211.4,633.61,2896843,0.000984520044752166,0.000235083502972029
2009,"California","CA",123678,712.7,123428.5,498.51,36961229,0.00334615496687083,1.92823674775533e-05
2009,"Colorado","CO",15268,387.4,13189.1,415.96,4972195,0.00307067602939949,7.7913275726314e-05
2009,"Connecticut","CT",4605,58.1,4354.2,58.62,3561807,0.00129288307872942,1.63119450323951e-05
2009,"Delaware","DE",1130,24.1,1001.9,20.7,891730,0.00126719971291759,2.70261177710742e-05
2009,"Hawaii","HI",5782,31.7,6497.5,22.91,1346717,0.00429340388515182,2.3538724171448e-05
2009,"Idaho","ID",1939,404.5,1976.3,352.13,1554439,0.00124739536257132,0.000260222498277514
2009,"Illinois","IL",14055,948.4,13811.3,890.01,12796778,0.00109832334357914,7.41124054820674e-05
2009,"Indiana","IN",6984,963.2,6437.2,755.65,6459325,0.00108122752764414,0.00014911774837154
2009,"Iowa","IA",3380,738.5,3088.7,585.65,3032870,0.00111445594436952,0.000243498732223933
2009,"Kansas","KS",1670,554,2094.9,532.9,2832704,0.000589542712546034,0.000195572851946409
2009,"Kentucky","KY",5999,0,5919.3,939.44,4317074,0.00138959860312795,0
2009,"Louisiana","LA",12504,0,7093.1,328.47,4491648,0.00278383346157134,0
2009,"Maine","ME",2444,151.8,2528.8,128.84,1329590,0.00183816063598553,0.000114170533773569
2009,"Maryland","MD",11698,184.9,9319.2,175.84,5730388,0.00204139754585553,3.22665760154461e-05
2009,"Massachusetts","MA",15482,121.2,17693.5,113.1,6517613,0.00237540952492883,1.85957650446567e-05
2009,"Michigan","MI",14005,0,15296.9,658.28,9901591,0.00141441915748691,0
2009,"Minnesota","MN",7718,802.6,7727.1,651.42,5281203,0.00146140945538356,0.000151972950102467
2009,"Mississippi","MS",2797,866.9,2194.7,851.98,2958774,0.000945323975403326,0.000292992976144849
2009,"Missouri","MO",7181,1079.1,7911,917.75,5961088,0.00120464586330549,0.000181024000987739
2009,"Montana","MT",1196,409.9,1572.9,354.64,983982,0.00121546938866768,0.000416572660882008
2009,"Nebraska","NE",3718,424.4,3411.7,381.19,1812683,0.00205110325412662,0.000234128085274701
2009,"Nevada","NV",11089,155,8907.1,156.47,2684665,0.00413049672864212,5.77353226566443e-05
2009,"New Hampshire","NH",1645,59.1,1608.5,52.18,1316102,0.00124990312301022,4.49053340850481e-05
2009,"New Jersey","NJ",13169,179.8,12788,175.24,8755602,0.00150406562564173,2.05354240633597e-05
2009,"New Mexico","NM",3475,220.6,3028.3,241.53,2036802,0.00170610594451498,0.000108307042117987
2009,"New York","NY",61067,533.4,71603.2,497.59,19307066,0.00316293526939826,2.7627190998363e-05
2009,"North Carolina","NC",12918,1146.9,11964.5,935.65,9449566,0.00136704690987925,0.000121370653424718
2009,"North Dakota","ND",773,309.2,966.9,249.92,664968,0.00116246195305639,0.000464984781222555
2009,"Ohio","OH",12700,988.6,12218.6,807.37,11528896,0.00110157989108411,8.57497543563581e-05
2009,"Oklahoma","OK",4838,435.1,4427.4,436.06,3717572,0.00130138703433316,0.00011703875540272
2009,"Oregon","OR",17309,456.6,16057.6,360.16,3808600,0.00454471459328887,0.00011988657249383
2009,"Pennsylvania","PA",15096,589.8,15222.1,523.41,12666858,0.00119177147166251,4.65624545566075e-05
2009,"Rhode Island","RI",1607,53.3,1264.9,44.97,1053646,0.00152518018385682,5.05862500308453e-05
2009,"South Carolina","SC",4473,577.8,5228,469.11,4589872,0.000974536980551963,0.000125885863483775
2009,"South Dakota","SD",731,372.5,839.2,333.56,807067,0.000905748841174277,0.000461547802103171
2009,"Tennessee","TN",10532,1169.2,9710.7,893,6306019,0.00167015037537946,0.000185410161307792
2009,"Texas","TX",36761,0,32773.3,1161.96,24801761,0.0014821931394307,0
2009,"Utah","UT",3795,239.3,3237.1,204.88,2723421,0.00139346799484913,8.78674285026076e-05
2009,"Vermont","VT",1214,105.5,1238,86.63,624817,0.0019429689012943,0.000168849439115773
2009,"Virginia","VA",8852,0,8130.1,745.68,7925937,0.00111683956105127,0
2009,"Washington","WA",22782,380.9,20838.4,384.88,6667426,0.0034169108138583,5.71284930646399e-05
2009,"West Virginia","WV",1667,414,2045.2,470.39,1847775,0.000902166118710341,0.000224053253237001
2009,"Wisconsin","WI",6525,637.3,5966.8,580.5,5669264,0.00115094305010315,0.000112413180970228
2009,"Wyoming","WY",515,123.2,859.8,127.62,559851,0.000919887612954161,0.000220058551293112
2010,"Alabama","AL",6046,968.3,5106.3,624,4785492,0.00126340196577489,0.000202340741558026
2010,"Arizona","AZ",13711,212.3,11803.2,149.56,6408312,0.00213956498996928,3.31288489074814e-05
2010,"Arkansas","AR",2762,760.6,3211.4,633.61,2921995,0.000945244601719031,0.000260301609003438
2010,"California","CA",123480,865.7,123428.5,498.51,37332685,0.00330755743927874,2.31887955554228e-05
2010,"Colorado","CO",15482,557.6,13189.1,415.96,5048644,0.00306656599276954,0.000110445497840608
2010,"Connecticut","CT",4316,75,4354.2,58.62,3579899,0.00120562060549753,2.09503117266716e-05
2010,"Delaware","DE",982,29,1001.9,20.7,899816,0.00109133422833113,3.22288112236279e-05
2010,"Hawaii","HI",5834,33.9,6497.5,22.91,1363945,0.00427729857142333,2.48543746265429e-05
2010,"Idaho","ID",2346,507.8,1976.3,352.13,1571010,0.00149330685355281,0.000323231551676947
2010,"Illinois","IL",14395,1244.9,13811.3,890.01,12841578,0.00112096815515975,9.69429146480285e-05
2010,"Indiana","IN",6452,1141.5,6437.2,755.65,6490528,0.000994063965212075,0.000175871670224672
2010,"Iowa","IA",3014,761.7,3088.7,585.65,3050738,0.000987957667947887,0.000249677291199703
2010,"Kansas","KS",1809,701.9,2094.9,532.9,2858850,0.00063277191877853,0.000245518302814069
2010,"Kentucky","KY",6623,1592.7,5919.3,939.44,4348662,0.00152299718856053,0.000366250584662593
2010,"Louisiana","LA",12482,615,7093.1,328.47,4544996,0.00274631704846385,0.000135313650441056
2010,"Maine","ME",2379,160.4,2528.8,128.84,1327730,0.00179177995526199,0.000120807694335445
2010,"Maryland","MD",10845,229,9319.2,175.84,5788584,0.00187351518091471,3.95606248436578e-05
2010,"Massachusetts","MA",16646,154.4,17693.5,113.1,6565524,0.00253536503712423,2.35167825142365e-05
2010,"Michigan","MI",13058,1327.6,15296.9,658.28,9877495,0.00132199510098461,0.000134406547409034
2010,"Minnesota","MN",7869,826.4,7727.1,651.42,5311147,0.00148160086700669,0.000155597274938916
2010,"Mississippi","MS",2743,1114.8,2194.7,851.98,2970322,0.000923468903371419,0.000375312844870017
2010,"Missouri","MO",8337,1308,7911,917.75,5996118,0.00139039958853378,0.000218141137315843
2010,"Montana","MT",1615,439.5,1572.9,354.64,990641,0.00163025758069775,0.000443652140381834
2010,"Nebraska","NE",3877,488.8,3411.7,381.19,1830051,0.00211852019424595,0.000267096381466965
2010,"Nevada","NV",11205,218.9,8907.1,156.47,2703284,0.00414495850232532,8.09755837714424e-05
2010,"New Hampshire","NH",1574,69.4,1608.5,52.18,1316872,0.00119525663845841,5.27006421277087e-05
2010,"New Jersey","NJ",13737,232.5,12788,175.24,8803729,0.0015603615240769,2.64092636199956e-05
2010,"New Mexico","NM",3475,299,3028.3,241.53,2064756,0.00168300758055673,0.000144811299737112
2010,"New York","NY",65606,618.3,71603.2,497.59,19402640,0.0033812924426779,3.1866797507968e-05
2010,"North Carolina","NC",12191,1329.9,11964.5,935.65,9558915,0.0012753539496899,0.000139126668664801
2010,"North Dakota","ND",799,273,966.9,249.92,674526,0.00118453551086244,0.000404728653899183
2010,"Ohio","OH",12569,1220.8,12218.6,807.37,11540983,0.00108907534132924,0.000105779551013982
2010,"Oklahoma","OK",5229,617.6,4427.4,436.06,3759603,0.00139083834117592,0.000164272663895629
2010,"Oregon","OR",19492,478.3,16057.6,360.16,3838048,0.00507862330017759,0.00012462064049225
2010,"Pennsylvania","PA",14516,702,15222.1,523.41,12712343,0.0011418823422244,5.52219209314915e-05
2010,"Rhode Island","RI",1282,57.6,1264.9,44.97,1053337,0.00121708437090884,5.46833539503502e-05
2010,"South Carolina","SC",4473,674,5228,469.11,4635943,0.000964852242575027,0.000145385739212065
2010,"South Dakota","SD",731,411.5,839.2,333.56,816325,0.000895476679018773,0.000504088445165835
2010,"Tennessee","TN",10276,1279.7,9710.7,893,6356671,0.00161656942761392,0.000201316066223972
2010,"Texas","TX",35121,2203.2,32773.3,1161.96,25244310,0.00139124420512979,8.72751126887603e-05
2010,"Utah","UT",3284,299.3,3237.1,204.88,2775326,0.00118328441415531,0.000107843186710318
2010,"Vermont","VT",1220,110.3,1238,86.63,625982,0.00194893782888326,0.000176203149611331
2010,"Virginia","VA",9080,1259.5,8130.1,745.68,8025773,0.00113135519781085,0.000156931924189732
2010,"Washington","WA",22878,511.5,20838.4,384.88,6743226,0.00339273813453679,7.58539013819202e-05
2010,"West Virginia","WV",2264,597.8,2045.2,470.39,1854230,0.00122099200207094,0.000322397976518555
2010,"Wisconsin","WI",6333,819.6,5966.8,580.5,5690263,0.0011129538300778,0.000144035521732475
2010,"Wyoming","WY",579,180.6,859.8,127.62,564513,0.00102566282795967,0.000319921773280686
2011,"Alabama","AL",5558,864,5106.3,624,4799918,0.00115793644808099,0.000180003075052532
2011,"Arizona","AZ",10504,190.1,11803.2,149.56,6467163,0.00162420523496934,2.93946511012634e-05
2011,"Arkansas","AR",3424,794.9,3211.4,633.61,2939493,0.00116482672352001,0.00027042078344803
2011,"California","CA",125128,871.2,123428.5,498.51,37676861,0.00332108346287128,2.31229454067312e-05
2011,"Colorado","CO",15116,595.6,13189.1,415.96,5118360,0.00295328972561524,0.00011636539829164
2011,"Connecticut","CT",4456,76.2,4354.2,58.62,3589893,0.0012412626225907,2.12262593899038e-05
2011,"Delaware","DE",1035,26.6,1001.9,20.7,907924,0.00113996325683648,2.92976064075848e-05
2011,"Hawaii","HI",6188,32.4,6497.5,22.91,1377864,0.00449100927232296,2.35146574698229e-05
2011,"Idaho","ID",2199,486.8,1976.3,352.13,1584143,0.00138813225826204,0.000307295490369241
2011,"Illinois","IL",14009,991.3,13811.3,890.01,12860012,0.00108934579532274,7.70839094084827e-05
2011,"Indiana","IN",6196,945.8,6437.2,755.65,6516480,0.000950820074641524,0.000145139707326655
2011,"Iowa","IA",3134,685.8,3088.7,585.65,3065223,0.00102243784546834,0.000223735760823927
2011,"Kansas","KS",2308,664.7,2094.9,532.9,2869503,0.000804320469433208,0.000231642901227146
2011,"Kentucky","KY",6034,1448,5919.3,939.44,4369354,0.00138098217722803,0.000331399103849219
2011,"Louisiana","LA",9291,655.3,7093.1,328.47,4575404,0.00203064035438182,0.000143222325285374
2011,"Maine","ME",2447,159,2528.8,128.84,1328231,0.00184230002160769,0.000119708092944676
2011,"Maryland","MD",10208,220.4,9319.2,175.84,5843603,0.00174686747200315,3.77164567818861e-05
2011,"Massachusetts","MA",16664,140.5,17693.5,113.1,6611923,0.00252029553278222,2.12494912599557e-05
2011,"Michigan","MI",13185,1110.8,15296.9,658.28,9876213,0.00133502588492168,0.000112472260369435
2011,"Minnesota","MN",7495,761.8,7727.1,651.42,5348562,0.00140131123094394,0.000142430806635503
2011,"Mississippi","MS",2306,1002.1,2194.7,851.98,2978162,0.000774303076864187,0.000336482703090027
2011,"Missouri","MO",9192,1241.3,7911,917.75,6010717,0.00152926847163159,0.000206514464081407
2011,"Montana","MT",1768,438.5,1572.9,354.64,997821,0.00177186088486813,0.000439457578062598
2011,"Nebraska","NE",3548,452.6,3411.7,381.19,1842283,0.00192587132378684,0.000245673438879911
2011,"Nevada","NV",9150,218.4,8907.1,156.47,2718379,0.00336597656176714,8.03419979333272e-05
2011,"New Hampshire","NH",1469,61,1608.5,52.18,1318473,0.00111416767730549,4.62656421481517e-05
2011,"New Jersey","NJ",14137,226.4,12788,175.24,8841243,0.00159898331037842,2.56072590697937e-05
2011,"New Mexico","NM",3601,290.4,3028.3,241.53,2077756,0.00173311976959759,0.000139766170811202
2011,"New York","NY",63445,598.5,71603.2,497.59,19519529,0.00325033457518365,3.06616004925119e-05
2011,"North Carolina","NC",12896,1243.4,11964.5,935.65,9650963,0.00133623970996469,0.000128836883946193
2011,"North Dakota","ND",603,257.9,966.9,249.92,685476,0.000879680689039441,0.0003762349082973
2011,"Ohio","OH",13030,1014.8,12218.6,807.37,11544824,0.0011286443171416,8.79008636251189e-05
2011,"Oklahoma","OK",4625,535.9,4427.4,436.06,3786274,0.00122151751299563,0.000141537564370672
2011,"Oregon","OR",17254,450.1,16057.6,360.16,3868031,0.00446066745587096,0.000116364113938073
2011,"Pennsylvania","PA",15096,617.7,15222.1,523.41,12744293,0.0011845302050102,4.84687538178854e-05
2011,"Rhode Island","RI",1070,56.9,1264.9,44.97,1052451,0.00101667441049512,5.40642747263293e-05
2011,"South Carolina","SC",5093,621.7,5228,469.11,4672637,0.00108996269130258,0.000133051208557395
2011,"South Dakota","SD",826,418.9,839.2,333.56,824398,0.00100194323615535,0.000508128355478786
2011,"Tennessee","TN",9113,1146.4,9710.7,893,6397634,0.00142443284501739,0.000179191244763298
2011,"Texas","TX",36911,2043.9,32773.3,1161.96,25646389,0.00143922795524937,7.96954300272058e-05
2011,"Utah","UT",3130,282.2,3237.1,204.88,2816124,0.00111145673983106,0.000100208655584768
2011,"Vermont","VT",1144,103.5,1238,86.63,626730,0.00182534743829081,0.000165142884495716
2011,"Virginia","VA",8816,1138.7,8130.1,745.68,8110035,0.00108704832963113,0.000140406299109683
2011,"Washington","WA",20439,480.1,20838.4,384.88,6822520,0.00299581386349912,7.03698926496368e-05
2011,"West Virginia","WV",2211,595.9,2045.2,470.39,1854972,0.00119193173805319,0.000321244741160513
2011,"Wisconsin","WI",5785,714.5,5966.8,580.5,5709640,0.00101319873056795,0.000125139238200657
2011,"Wyoming","WY",1038,161.4,859.8,127.62,567725,0.00182834999339469,0.000284292571227267
2012,"Alabama","AL",5209,643.4,5106.3,624,4815960,0.00108161197352137,0.000133597455128365
2012,"Arizona","AZ",11302,176.1,11803.2,149.56,6549634,0.00172559260563262,2.68869985712179e-05
2012,"Arkansas","AR",4214,727,3211.4,633.61,2950685,0.00142814295663549,0.000246383466889892
2012,"California","CA",120098,0,123428.5,498.51,38011074,0.00315955292397158,0
2012,"Colorado","CO",16768,550.3,13189.1,415.96,5189867,0.00323091131237082,0.000106033545753677
2012,"Connecticut","CT",4209,68.1,4354.2,58.62,3593795,0.00117118533472277,1.89493279388502e-05
2012,"Delaware","DE",1008,24.1,1001.9,20.7,916993,0.00109924503240483,2.62815528580916e-05
2012,"Hawaii","HI",6246,31.2,6497.5,22.91,1391820,0.00448764926499116,2.24166918135966e-05
2012,"Idaho","ID",1968,440.2,1976.3,352.13,1595911,0.0012331514727325,0.000275829917833764
2012,"Illinois","IL",14144,965.3,13811.3,890.01,12870798,0.00109892176071756,7.49992347016867e-05
2012,"Indiana","IN",6259,872.1,6437.2,755.65,6537743,0.000957364032204998,0.000133394659288381
2012,"Iowa","IA",2928,615,3088.7,585.65,3076310,0.000951789644086584,0.000199914833030481
2012,"Kansas","KS",2458,591.7,2094.9,532.9,2885262,0.000851915701243076,0.00020507669667434
2012,"Kentucky","KY",5230,1240.2,5919.3,939.44,4384799,0.00119275706822593,0.000282840787000727
2012,"Louisiana","LA",7772,0,7093.1,328.47,4603429,0.00168830669485725,0
2012,"Maine","ME",2393,154.3,2528.8,128.84,1328895,0.00180074422734678,0.000116111506176184
2012,"Maryland","MD",9454,209.5,9319.2,175.84,5889651,0.00160518849079513,3.55708682908376e-05
2012,"Massachusetts","MA",17501,124.1,17693.5,113.1,6658008,0.00262856397889579,1.8639208604135e-05
2012,"Michigan","MI",12592,974.7,15296.9,658.28,9887238,0.00127356092773331,9.85816261325964e-05
2012,"Minnesota","MN",7744,658.3,7727.1,651.42,5380285,0.00143932895748088,0.000122354113211475
2012,"Mississippi","MS",2413,949.8,2194.7,851.98,2984945,0.000808390104340281,0.000318196817696808
2012,"Missouri","MO",10463,962.9,7911,917.75,6025415,0.00173647790235195,0.000159806419972732
2012,"Montana","MT",1833,387.1,1572.9,354.64,1005196,0.00182352496428557,0.000385099025463691
2012,"Nebraska","NE",3789,395.2,3411.7,381.19,1855725,0.00204178959705775,0.000212962588745639
2012,"Nevada","NV",8497,198.1,8907.1,156.47,2752565,0.00308693890970785,7.19692359671797e-05
2012,"New Hampshire","NH",1496,60.1,1608.5,52.18,1321182,0.00113231939278616,4.54895691888021e-05
2012,"New Jersey","NJ",13025,219.3,12788,175.24,8873211,0.00146790152967173,2.47148411099432e-05
2012,"New Mexico","NM",3245,283.4,3028.3,241.53,2083784,0.0015572631328391,0.000136002579921911
2012,"New York","NY",69566,606,71603.2,497.59,19602769,0.00354878435796494,3.09139999558226e-05
2012,"North Carolina","NC",13524,1152.4,11964.5,935.65,9746175,0.00138762129758598,0.000118241258750228
2012,"North Dakota","ND",688,244.3,966.9,249.92,702087,0.000979935535054772,0.00034796257443878
2012,"Ohio","OH",13977,849.2,12218.6,807.37,11550839,0.00121004197184291,7.35184690912929e-05
2012,"Oklahoma","OK",5032,471.3,4427.4,436.06,3817054,0.00131829416088952,0.000123472185617495
2012,"Oregon","OR",15828,425.3,16057.6,360.16,3899116,0.00405938166497227,0.000109076005945963
2012,"Pennsylvania","PA",14736,582.4,15222.1,523.41,12771854,0.00115378706959851,4.56002707202885e-05
2012,"Rhode Island","RI",1277,57.6,1264.9,44.97,1052901,0.00121283957371111,5.47059979998119e-05
2012,"South Carolina","SC",4915,564.5,5228,469.11,4720760,0.00104114591718283,0.000119578203509604
2012,"South Dakota","SD",859,373.8,839.2,333.56,834441,0.00102943167941173,0.000447964565499538
2012,"Tennessee","TN",9426,952.9,9710.7,893,6454306,0.00146042037672214,0.00014763787152329
2012,"Texas","TX",34052,1782.3,32773.3,1161.96,26071655,0.00130609276626282,6.8361598065025e-05
2012,"Utah","UT",3527,234.4,3237.1,204.88,2855782,0.00123503824871786,8.2079094272602e-05
2012,"Vermont","VT",1160,94.8,1238,86.63,626444,0.00185172178199488,0.00015133036632165
2012,"Virginia","VA",8424,1053.2,8130.1,745.68,8192048,0.00102831428722097,0.000128563699822071
2012,"Washington","WA",20504,442.2,20838.4,384.88,6895226,0.00297365162505188,6.41313279651747e-05
2012,"West Virginia","WV",2410,499.2,2045.2,470.39,1856560,0.00129809971129401,0.000268884388331107
2012,"Wisconsin","WI",6027,640.9,5966.8,580.5,5726177,0.00105253470159934,0.000111924587731046
2012,"Wyoming","WY",1813,145.6,859.8,127.62,576765,0.00314339462346016,0.00025244250257904
2013,"Alabama","AL",4689,644.9,5106.3,624,4829479,0.000970912183281054,0.000133534072722958
2013,"Arizona","AZ",10562,168.2,11803.2,149.56,6624617,0.00159435632278817,2.53901470832201e-05
2013,"Arkansas","AR",3812,724.2,3211.4,633.61,2958663,0.00128841980313405,0.00024477272335511
2013,"California","CA",118552,0,123428.5,498.51,38335203,0.00309251003574965,0
2013,"Colorado","CO",9754,530.8,13189.1,415.96,5267603,0.00185169611301383,0.000100766895303234
2013,"Connecticut","CT",4448,67.9,4354.2,58.62,3596003,0.00123692889021505,1.88820754598926e-05
2013,"Delaware","DE",946,24.6,1001.9,20.7,925395,0.0010222661674204,2.65832428314395e-05
2013,"Hawaii","HI",6335,23,6497.5,22.91,1406481,0.00450414900734528,1.63528693242212e-05
2013,"Idaho","ID",1781,388.4,1976.3,352.13,1612011,0.0011048311705069,0.000240941283899427
2013,"Illinois","IL",13425,1060.7,13811.3,890.01,12879505,0.00104235372399793,8.23556495377734e-05
2013,"Indiana","IN",6096,902.2,6437.2,755.65,6569102,0.000927980719434711,0.000137339928653871
2013,"Iowa","IA",3084,607.5,3088.7,585.65,3091930,0.00099743525888361,0.000196479221715886
2013,"Kansas","KS",2331,571.6,2094.9,532.9,2892821,0.000805787845151843,0.000197592592144485
2013,"Kentucky","KY",5245,1274.3,5919.3,939.44,4400477,0.00119191623998944,0.000289582243015928
2013,"Louisiana","LA",5226,581.1,7093.1,328.47,4626402,0.00112960352342922,0.000125605167903697
2013,"Maine","ME",3016,144.3,2528.8,128.84,1329076,0.00226924570152497,0.000108571669340203
2013,"Maryland","MD",8205,208.6,9319.2,175.84,5931129,0.00138337911719674,3.51703697559099e-05
2013,"Massachusetts","MA",19029,127.4,17693.5,113.1,6706786,0.00283727555941102,1.89956858620508e-05
2013,"Michigan","MI",11527,1000.6,15296.9,658.28,9898982,0.00116446317409204,0.000101081101066756
2013,"Minnesota","MN",8214,650.1,7727.1,651.42,5418521,0.00151591181431243,0.000119977388663807
2013,"Mississippi","MS",2403,977.8,2194.7,851.98,2990482,0.000803549394378565,0.000326970702381756
2013,"Missouri","MO",8943,956.4,7911,917.75,6042711,0.00147996487007239,0.000158273331291204
2013,"Montana","MT",1878,369.5,1572.9,354.64,1014314,0.00185149766245955,0.000364285615696914
2013,"Nebraska","NE",3145,407.4,3411.7,381.19,1868559,0.00168311517056727,0.000218028973128491
2013,"Nevada","NV",7039,176.7,8907.1,156.47,2786464,0.00252614065711956,6.34137028147502e-05
2013,"New Hampshire","NH",1447,60,1608.5,52.18,1322687,0.00109398519831222,4.53622058733472e-05
2013,"New Jersey","NJ",12002,220.1,12788,175.24,8899162,0.00134866631262584,2.47326658397723e-05
2013,"New Mexico","NM",2819,270.8,3028.3,241.53,2085193,0.001351913228176,0.000129868074561923
2013,"New York","NY",77430,602.8,71603.2,497.59,19673546,0.00393574193488047,3.06401296441424e-05
2013,"North Carolina","NC",12168,1114.3,11964.5,935.65,9841590,0.00123638558403673,0.000113223574645967
2013,"North Dakota","ND",2069,241.7,966.9,249.92,724019,0.00285765981279497,0.000333831018246759
2013,"Ohio","OH",12325,875.2,12218.6,807.37,11570022,0.00106525294420356,7.56437628208486e-05
2013,"Oklahoma","OK",4408,476.8,4427.4,436.06,3852415,0.00114421732861075,0.000123766520481308
2013,"Oregon","OR",13822,412.1,16057.6,360.16,3925751,0.00352085499054831,0.000104973545189188
2013,"Pennsylvania","PA",15086,635.1,15222.1,523.41,12781338,0.0011803146118192,4.96896334327439e-05
2013,"Rhode Island","RI",1384,49.5,1264.9,44.97,1053033,0.00131429879215561,4.70070738523864e-05
2013,"South Carolina","SC",6544,507.3,5228,469.11,4767894,0.00137251373457548,0.000106399177498493
2013,"South Dakota","SD",1094,350.7,839.2,333.56,844922,0.00129479407566616,0.000415067899758794
2013,"Tennessee","TN",9528,1004.7,9710.7,893,6494821,0.00146701502628017,0.000154692484981495
2013,"Texas","TX",29615,1711.4,32773.3,1161.96,26473525,0.00111866477924644,6.46457168057522e-05
2013,"Utah","UT",3277,219.3,3237.1,204.88,2902663,0.00112896330025222,7.55513127083647e-05
2013,"Vermont","VT",1454,84.9,1238,86.63,627140,0.00231846158752432,0.000135376470963421
2013,"Virginia","VA",7625,1039.2,8130.1,745.68,8262692,0.000922822731381008,0.000125770148518183
2013,"Washington","WA",17760,428.5,20838.4,384.88,6968006,0.00254879229438092,6.14953546251252e-05
2013,"West Virginia","WV",2240,519.5,2045.2,470.39,1853231,0.00120869983288646,0.000280321233564515
2013,"Wisconsin","WI",6104,642,5966.8,580.5,5742854,0.00106288615381829,0.000111791105955332
2013,"Wyoming","WY",953,138.9,859.8,127.62,582684,0.00163553486967207,0.000238379636303726
2014,"Alabama","AL",4561,592.2,5106.3,624,4843214,0.000941730016472533,0.000122274175784923
2014,"Arizona","AZ",10495,150.3,11803.2,149.56,6719993,0.00156175757921176,2.23660947265868e-05
2014,"Arkansas","AR",2936,644.9,3211.4,633.61,2966912,0.000989581086328142,0.000217364047197895
2014,"California","CA",113952,610.8,123428.5,498.51,38680810,0.00294595692282556,1.57907758394925e-05
2014,"Colorado","CO",10028,442.9,13189.1,415.96,5349648,0.00187451585599651,8.27904938792234e-05
2014,"Connecticut","CT",4450,59.4,4354.2,58.62,3591873,0.00123890794579875,1.65373330293137e-05
2014,"Delaware","DE",901,20.7,1001.9,20.7,934948,0.000963689959227679,2.21402687636104e-05
2014,"Hawaii","HI",6918,21,6497.5,22.91,1416349,0.00488438937013406,1.48268541157582e-05
2014,"Idaho","ID",2104,324.5,1976.3,352.13,1633532,0.001288006601646,0.000198649307145498
2014,"Illinois","IL",13107,911.8,13811.3,890.01,12867544,0.00101860930104455,7.08604532457787e-05
2014,"Indiana","IN",5971,621.8,6437.2,755.65,6595233,0.000905350879946167,9.42802172417563e-05
2014,"Iowa","IA",3122,540.4,3088.7,585.65,3108030,0.00100449480860867,0.000173872195570828
2014,"Kansas","KS",2521,480.5,2094.9,532.9,2899360,0.000869502234975995,0.000165726229236797
2014,"Kentucky","KY",5089,1153.1,5919.3,939.44,4413057,0.00115316888043821,0.000261292795447691
2014,"Louisiana","LA",4606,422,7093.1,328.47,4647880,0.000990989440346997,9.07940824634027e-05
2014,"Maine","ME",2726,125.5,2528.8,128.84,1330719,0.00204851662898027,9.43099181720559e-05
2014,"Maryland","MD",7856,179.6,9319.2,175.84,5967295,0.00131650940669097,3.00973891855522e-05
2014,"Massachusetts","MA",21237,113.6,17693.5,113.1,6749911,0.00314626370629183,1.68298515343387e-05
2014,"Michigan","MI",12227,859.8,15296.9,658.28,9915767,0.00123308665885352,8.67103876079379e-05
2014,"Minnesota","MN",8377,584.8,7727.1,651.42,5453109,0.00153618788841375,0.000107241575402215
2014,"Mississippi","MS",2226,869.5,2194.7,851.98,2992400,0.000743884507418794,0.000290569442587889
2014,"Missouri","MO",7544,896.8,7911,917.75,6060930,0.00124469347113397,0.000147964091319319
2014,"Montana","MT",1745,345.2,1572.9,354.64,1022867,0.00170598914619398,0.000337482781241354
2014,"Nebraska","NE",3026,358.4,3411.7,381.19,1881145,0.00160859476542212,0.00019052226170763
2014,"Nevada","NV",8582,149.7,8907.1,156.47,2833013,0.00302928366371775,5.28412682892736e-05
2014,"New Hampshire","NH",1376,51.6,1608.5,52.18,1328743,0.00103556519206498,3.88336947024368e-05
2014,"New Jersey","NJ",11671,175.4,12788,175.24,8925001,0.00130767492350981,1.96526588624472e-05
2014,"New Mexico","NM",2746,262.1,3028.3,241.53,2083024,0.00131827573758152,0.000125826682745854
2014,"New York","NY",80590,483.3,71603.2,497.59,19718515,0.00408702176609141,2.45099592946021e-05
2014,"North Carolina","NC",11491,801.5,11964.5,935.65,9934399,0.00115668798887582,8.0679264040029e-05
2014,"North Dakota","ND",1258,229,966.9,249.92,739904,0.00170022056915492,0.000309499610760315
2014,"Ohio","OH",11823,722.9,12218.6,807.37,11594408,0.00101971571122907,6.23490220458e-05
2014,"Oklahoma","OK",4191,438,4427.4,436.06,3877499,0.00108085134257933,0.000112959410176508
2014,"Oregon","OR",12164,345,16057.6,360.16,3968371,0.0030652376000127,8.69374360411363e-05
2014,"Pennsylvania","PA",15333,498.5,15222.1,523.41,12790565,0.0011987742527402,3.89740406307305e-05
2014,"Rhode Island","RI",1190,47.1,1264.9,44.97,1054480,0.00112851832182687,4.46665655109628e-05
2014,"South Carolina","SC",5057,357.4,5228,469.11,4828430,0.00104733836878654,7.40199195183527e-05
2014,"South Dakota","SD",885,322.9,839.2,333.56,852561,0.00103804889034333,0.000378741227900408
2014,"Tennessee","TN",9415,780.7,9710.7,893,6544663,0.00143857674566284,0.000119288036679658
2014,"Texas","TX",28495,1425,32773.3,1161.96,26944751,0.00105753435984619,5.28859962372634e-05
2014,"Utah","UT",3081,185.1,3237.1,204.88,2941836,0.00104730515229265,6.29198908436772e-05
2014,"Vermont","VT",1559,76.5,1238,86.63,626984,0.00248650683271024,0.000122012682939278
2014,"Virginia","VA",7020,893.6,8130.1,745.68,8317372,0.000844016595626599,0.000107437782030189
2014,"Washington","WA",18442,352,20838.4,384.88,7054196,0.00261433053462081,4.98993790362502e-05
2014,"West Virginia","WV",2013,487.7,2045.2,470.39,1848514,0.00108898282620527,0.000263833544133288
2014,"Wisconsin","WI",6055,534.1,5966.8,580.5,5758377,0.00105151156306716,9.27518292046526e-05
2014,"Wyoming","WY",757,119,859.8,127.62,583642,0.00129702797262706,0.000203892111945336
2015,"Alabama","AL",3970,495.8,5106.3,624,4853875,0.000817903221652803,0.000102145193273416
2015,"Arizona","AZ",9896,139.9,11803.2,149.56,6817565,0.00145154464973931,2.05205230899889e-05
2015,"Arkansas","AR",2560,563.4,3211.4,633.61,2977853,0.000859679775999688,0.000189196713202431
2015,"California","CA",115738,528.3,123428.5,498.51,38993940,0.00296810222306338,1.35482590371735e-05
2015,"Colorado","CO",9953,321.2,13189.1,415.96,5448819,0.0018266343587482,5.89485538058798e-05
2015,"Connecticut","CT",4047,52.5,4354.2,58.62,3584730,0.00112895531881062,1.46454544693743e-05
2015,"Delaware","DE",953,17.2,1001.9,20.7,944076,0.00100945262881378,1.82188722094408e-05
2015,"Hawaii","HI",7620,17.8,6497.5,22.91,1425157,0.00534677933729407,1.24898519952539e-05
2015,"Idaho","ID",1966,270,1976.3,352.13,1652828,0.00118947646095056,0.00016335638070023
2015,"Illinois","IL",13177,704.3,13811.3,890.01,12839047,0.00102632228077364,5.48560964065324e-05
2015,"Indiana","IN",5863,570.9,6437.2,755.65,6612768,0.000886618130259522,8.63329849164525e-05
2015,"Iowa","IA",3081,486,3088.7,585.65,3121997,0.000986868341000968,0.00015566959225137
2015,"Kansas","KS",2348,444.8,2094.9,532.9,2906721,0.000807783065522972,0.000153024662497708
2015,"Kentucky","KY",4538,881.4,5919.3,939.44,4424611,0.00102562688561774,0.00019920395261866
2015,"Louisiana","LA",4081,542.3,7093.1,328.47,4668960,0.000874070456804085,0.000116150063397416
2015,"Maine","ME",2372,106.9,2528.8,128.84,1329453,0.00178419244606616,8.04090103222904e-05
2015,"Maryland","MD",8390,168.6,9319.2,175.84,5994983,0.00139950355155302,2.8123515946584e-05
2015,"Massachusetts","MA",21135,100.2,17693.5,113.1,6784240,0.00311530842069266,1.47695246630426e-05
2015,"Michigan","MI",10516,0,15296.9,658.28,9917715,0.00106032488330225,0
2015,"Minnesota","MN",7546,511.7,7727.1,651.42,5482435,0.00137639570738185,9.33344398976002e-05
2015,"Mississippi","MS",1983,732.1,2194.7,851.98,2989390,0.000663346033806228,0.000244899461094069
2015,"Missouri","MO",6722,754.2,7911,917.75,6076204,0.00110628280419815,0.000124123548188968
2015,"Montana","MT",1709,305,1572.9,354.64,1032073,0.00165589062014024,0.000295521731505426
2015,"Nebraska","NE",2744,306,3411.7,381.19,1893765,0.00144896542073594,0.000161582878551457
2015,"Nevada","NV",8743,132.8,8907.1,156.47,2883758,0.00303180780079327,4.60510209247794e-05
2015,"New Hampshire","NH",1445,44,1608.5,52.18,1330111,0.00108637549798475,3.30799459593974e-05
2015,"New Jersey","NJ",10098,163.1,12788,175.24,8935421,0.00113010903459389,1.82531970233971e-05
2015,"New Mexico","NM",2629,254.5,3028.3,241.53,2080328,0.00126374302513834,0.000122336477709284
2015,"New York","NY",88250,431.5,71603.2,497.59,19747183,0.00446899185569911,2.18512179686591e-05
2015,"North Carolina","NC",10685,700.7,11964.5,935.65,10035186,0.00106475355813036,6.98243161611554e-05
2015,"North Dakota","ND",1305,221.6,966.9,249.92,756835,0.00172428600685751,0.000292798298175956
2015,"Ohio","OH",11182,592,12218.6,807.37,11605090,0.000963542721340377,5.10120990013865e-05
2015,"Oklahoma","OK",3777,368.4,4427.4,436.06,3907414,0.000966623961525449,9.42823053815132e-05
2015,"Oregon","OR",13226,282,16057.6,360.16,4024634,0.00328626155819386,7.00684832459299e-05
2015,"Pennsylvania","PA",15421,437,15222.1,523.41,12791904,0.00120552812153687,3.41622326121272e-05
2015,"Rhode Island","RI",1111,35.8,1264.9,44.97,1055607,0.00105247502148053,3.39141366057633e-05
2015,"South Carolina","SC",5354,371.8,5228,469.11,4894834,0.00109380624552334,7.59576320667872e-05
2015,"South Dakota","SD",1036,300.5,839.2,333.56,857919,0.0012075732091258,0.000350266167318826
2015,"Tennessee","TN",9123,750.6,9710.7,893,6595056,0.00138330895143271,0.000113812528657831
2015,"Texas","TX",23678,1200.5,32773.3,1161.96,27429639,0.00086322681826035,4.37665256914245e-05
2015,"Utah","UT",3025,173.9,3237.1,204.88,2990632,0.00101149188532725,5.81482442507136e-05
2015,"Vermont","VT",1523,72.2,1238,86.63,626088,0.00243256539016879,0.000115319252245691
2015,"Virginia","VA",7001,814.4,8130.1,745.68,8367587,0.000836680873470452,9.73279393449987e-05
2015,"Washington","WA",19419,331.6,20838.4,384.88,7160290,0.00271204099275309,4.63109734382267e-05
2015,"West Virginia","WV",1835,470.3,2045.2,470.39,1841053,0.000996712207633349,0.000255451635558563
2015,"Wisconsin","WI",6057,456.3,5966.8,580.5,5767891,0.00105012386676517,7.9110371537881e-05
2015,"Wyoming","WY",798,105.1,859.8,127.62,586555,0.00136048622891289,0.000179181832905695
2016,"Alabama","AL",4111,487.5,5106.3,624,4863300,0.00084531079719532,0.000100240577385726
2016,"Arizona","AZ",9707,116.4,11803.2,149.56,6931071,0.00140050505903056,1.67939413692343e-05
2016,"Arkansas","AR",2463,417.8,3211.4,633.61,2988248,0.000824228778869759,0.00013981436614364
2016,"California","CA",118142,453.3,123428.5,498.51,39250017,0.00300998595745831,1.15490395838555e-05
2016,"Colorado","CO",10550,215,13189.1,415.96,5540545,0.00190414480885906,3.88048468156111e-05
2016,"Connecticut","CT",3902,47.3,4354.2,58.62,3576452,0.0010910254073031,1.32253976846327e-05
2016,"Delaware","DE",1070,15.8,1001.9,20.7,952065,0.00112387284481627,1.65955055589692e-05
2016,"Hawaii","HI",7921,13.8,6497.5,22.91,1428557,0.00554475600203562,9.66009756698543e-06
2016,"Idaho","ID",2247,257.9,1976.3,352.13,1683140,0.0013350048124339,0.000153225518970496
2016,"Illinois","IL",11590,816.7,13811.3,890.01,12801539,0.00090535989461892,6.37970169055455e-05
2016,"Indiana","IN",5798,486.9,6437.2,755.65,6633053,0.000874107292675032,7.3405112246201e-05
2016,"Iowa","IA",3064,464.3,3088.7,585.65,3134693,0.000977448190301251,0.000148116577923261
2016,"Kansas","KS",2008,446.1,2094.9,532.9,2907289,0.000690677810152345,0.000153441917882949
2016,"Kentucky","KY",4237,937.9,5919.3,939.44,4436974,0.000954930094248918,0.00021138280278406
2016,"Louisiana","LA",3994,469,7093.1,328.47,4681666,0.000853115109023155,0.000100178013553295
2016,"Maine","ME",2241,84,2528.8,128.84,1331479,0.00168309075847235,6.30877392733945e-05
2016,"Maryland","MD",7689,141.6,9319.2,175.84,6016447,0.00127799679777782,2.35354853121784e-05
2016,"Massachusetts","MA",19608,85.7,17693.5,113.1,6811779,0.00287854318233166,1.25811480378327e-05
2016,"Michigan","MI",9316,528.5,15296.9,658.28,9928300,0.000938327810400572,5.32316710816555e-05
2016,"Minnesota","MN",7341,513.9,7727.1,651.42,5519952,0.0013299028687206,9.30986356403099e-05
2016,"Mississippi","MS",1738,695.9,2194.7,851.98,2988726,0.000581518680534783,0.000232841685721608
2016,"Missouri","MO",6441,608.5,7911,917.75,6093000,0.00105711472181192,9.98687017889381e-05
2016,"Montana","MT",1418,300.8,1572.9,354.64,1042520,0.00136016575221578,0.000288531634884702
2016,"Nebraska","NE",2754,311.2,3411.7,381.19,1907116,0.00144406527972079,0.000163178327904543
2016,"Nevada","NV",7398,121,8907.1,156.47,2940058,0.00251627688977564,4.11556506708371e-05
2016,"New Hampshire","NH",1366,32.9,1608.5,52.18,1334795,0.00102337812173405,2.46479796523062e-05
2016,"New Jersey","NJ",8895,111.6,12788,175.24,8944469,0.000994469319531433,1.24769843799559e-05
2016,"New Mexico","NM",2263,239.5,3028.3,241.53,2081015,0.0010874501144874,0.000115088070004301
2016,"New York","NY",86352,368.4,71603.2,497.59,19745289,0.0043732963341281,1.86576149885677e-05
2016,"North Carolina","NC",9559,673.5,11964.5,935.65,10146788,0.000942071520563946,6.63756846008806e-05
2016,"North Dakota","ND",923,234.4,966.9,249.92,757952,0.00121775521405049,0.00030925441188888
2016,"Ohio","OH",10404,589.4,12218.6,807.37,11614373,0.000895786625761029,5.0747466092229e-05
2016,"Oklahoma","OK",4107,371.9,4427.4,436.06,3923561,0.00104675319180714,9.47863433243423e-05
2016,"Oregon","OR",13238,231.6,16057.6,360.16,4093465,0.0032339350647923,5.65779846658027e-05
2016,"Pennsylvania","PA",15339,397.1,15222.1,523.41,12784227,0.00119983789399234,3.10617137821473e-05
2016,"Rhode Island","RI",1160,29.7,1264.9,44.97,1056426,0.00109804188840487,2.81136586945039e-05
2016,"South Carolina","SC",5051,304.3,5228,469.11,4961119,0.00101811708205346,6.13369685347197e-05
2016,"South Dakota","SD",1072,244.9,839.2,333.56,865454,0.00123865624285057,0.000282972867419874
2016,"Tennessee","TN",8779,571.7,9710.7,893,6651194,0.00131991338697984,8.59544917799721e-05
2016,"Texas","TX",23122,1253.3,32773.3,1161.96,27862596,0.000829858064912544,4.49814511181944e-05
2016,"Utah","UT",2807,177.9,3237.1,204.88,3051217,0.000919960789416158,5.83046043595064e-05
2016,"Vermont","VT",1117,67,1238,86.63,624594,0.00178836171977316,0.000107269682385678
2016,"Virginia","VA",6268,696.9,8130.1,745.68,8411808,0.000745143018005166,8.28478253426612e-05
2016,"Washington","WA",20827,323.7,20838.4,384.88,7288000,0.00285771130625686,4.44154774972558e-05
2016,"West Virginia","WV",1387,475.1,2045.2,470.39,1831102,0.000757467361184686,0.00025946124246492
2016,"Wisconsin","WI",5685,444.9,5966.8,580.5,5778708,0.000983783918481432,7.69895277629532e-05
2016,"Wyoming","WY",857,130.2,859.8,127.62,585501,0.00146370373406706,0.000222373659481367
