"year","division","region","state","state.code","est_pop","sum_total_homeless","sum_unemploy_rate","mean.homeless","mean.unemploy","homeless_proportion","unemploy_proportion"
2007,"East South Central","South","Alabama","AL",4672840,5452,351.1,5106.3,624,0.00116674228092552,7.51363196685527e-05
2007,"Mountain","West","Arizona","AZ",6167681,14646,82.8,11803.2,149.56,0.00237463643142374,1.34248188257467e-05
2007,"West South Central","South","Arkansas","AR",2848650,3836,521.4,3211.4,633.61,0.0013466027767539,0.000183034068769417
2007,"Pacific","West","California","CA",36250311,138986,437,123428.5,498.51,0.00383406365810213,1.2055068989615e-05
2007,"Mountain","West","Colorado","CO",4803868,14225,267.3,13189.1,415.96,0.00296115546888466,5.56426612887781e-05
2007,"New England","Northeast","Connecticut","CT",3527270,4482,38.5,4354.2,58.62,0.00127067108557043,1.09149568930079e-05
2007,"South Atlantic","South","Delaware","DE",871749,1061,11.5,1001.9,20.7,0.00121709345235842,1.31918705957793e-05
2007,"Pacific","West","Hawaii","HI",1315675,6070,10.4,6497.5,22.91,0.00461360138332035,7.90468770783058e-06
2007,"Mountain","West","Idaho","ID",1505105,1749,237.2,1976.3,352.13,0.00116204517292813,0.000157596978283907
2007,"East North Central","Midwest","Illinois","IL",12695866,15487,577.8,13811.3,890.01,0.00121984589314348,4.55108773202238e-05
2007,"East North Central","Midwest","Indiana","IN",6379599,7358,530.6,6437.2,755.65,0.00115336402805255,8.31713717429575e-05
2007,"West North Central","Midwest","Iowa","IA",2999212,2734,479.8,3088.7,585.65,0.000911572773115072,0.000159975353526193
2007,"West North Central","Midwest","Kansas","KS",2783785,1924,440.2,2094.9,532.9,0.000691145329111264,0.000158130028001444
2007,"East South Central","South","Kentucky","KY",4256672,8061,866.8,5919.3,939.44,0.00189373294442231,0.00020363326091369
2007,"West South Central","South","Louisiana","LA",4375581,5494,0,7093.1,328.47,0.00125560468426936,0
2007,"New England","Northeast","Maine","ME",1327040,2638,97.1,2528.8,128.84,0.00198788280684832,7.317036411864e-05
2007,"South Atlantic","South","Maryland","MD",5653408,9628,111.9,9319.2,175.84,0.0017030435447079,1.97933706535951e-05
2007,"New England","Northeast","Massachusetts","MA",6431559,15127,83.1,17693.5,113.1,0.0023519958380231,1.29206620043445e-05
2007,"East North Central","Midwest","Michigan","MI",10001284,28295,780.8,15296.9,658.28,0.00282913673884273,7.80699758151053e-05
2007,"West North Central","Midwest","Minnesota","MN",5207203,7323,602.7,7727.1,651.42,0.00140632120545329,0.000115743519121494
2007,"East South Central","South","Mississippi","MS",2928350,1377,674,2194.7,851.98,0.00047023067597794,0.000230163744087968
2007,"West North Central","Midwest","Missouri","MO",5887612,6434,660,7911,917.75,0.00109280299041445,0.000112099778314196
2007,"Mountain","West","Montana","MT",964706,1150,241.9,1572.9,354.64,0.00119207302535695,0.000250749969420735
2007,"West North Central","Midwest","Nebraska","NE",1783440,3531,329.2,3411.7,381.19,0.00197988157717669,0.000184587090117974
2007,"Mountain","West","Nevada","NV",2601072,8642,88,8907.1,156.47,0.00332247627132198,3.38322045679627e-05
2007,"New England","Northeast","New Hampshire","NH",1312540,2248,42.6,1608.5,52.18,0.00171270970789462,3.245615371722e-05
2007,"Middle Atlantic","Northeast","New Jersey","NJ",8677885,17314,108.1,12788,175.24,0.00199518661517178,1.24569523564786e-05
2007,"Mountain","West","New Mexico","NM",1990070,3015,146.9,3028.3,241.53,0.00151502208465029,7.38164989171235e-05
2007,"Middle Atlantic","Northeast","New York","NY",19132335,62601,346.4,71603.2,497.59,0.0032719999937279,1.81054743187384e-05
2007,"South Atlantic","South","North Carolina","NC",9118037,11802,578.6,11964.5,935.65,0.00129435754647629,6.34566409414658e-05
2007,"West North Central","Midwest","North Dakota","ND",652822,636,249.6,966.9,249.92,0.000974231873313093,0.000382340055941742
2007,"East North Central","Midwest","Ohio","OH",11500468,11264,605.8,12218.6,807.37,0.000979438401985032,5.26761171806226e-05
2007,"West South Central","South","Oklahoma","OK",3634349,4221,357.3,4427.4,436.06,0.00116141845485945,9.83119672876766e-05
2007,"Pacific","West","Oregon","OR",3722417,17590,253.1,16057.6,360.16,0.00472542436809202,6.79934569394025e-05
2007,"Middle Atlantic","Northeast","Pennsylvania","PA",12563937,16220,374.3,15222.1,523.41,0.00129099660401035,2.97916170703498e-05
2007,"New England","Northeast","Rhode Island","RI",1057315,1372,27.4,1264.9,44.97,0.00129762653513853,2.59146990253614e-05
2007,"South Atlantic","South","South Carolina","SC",4444110,5660,368.5,5228,469.11,0.00127359583808682,8.29187396351575e-05
2007,"West North Central","Midwest","South Dakota","SD",791623,579,294.4,839.2,333.56,0.000731408764020247,0.000371894197111504
2007,"East South Central","South","Tennessee","TN",6175727,11210,590.4,9710.7,893,0.00181517091024263,9.56000807678189e-05
2007,"West South Central","South","Texas","TX",23831983,39788,0,32773.3,1161.96,0.00166952116405924,0
2007,"Mountain","West","Utah","UT",2597746,3011,108.3,3237.1,204.88,0.0011590817578008,4.16899881666645e-05
2007,"New England","Northeast","Vermont","VT",623481,1035,72.2,1238,86.63,0.00166003454796538,0.000115801443829082
2007,"South Atlantic","South","Virginia","VA",7751000,9746,561.3,8130.1,745.68,0.00125738614372339,7.24164623919494e-05
2007,"Pacific","West","Washington","WA",6461587,23379,302.3,20838.4,384.88,0.0036181513922199,4.67841723712766e-05
2007,"South Atlantic","South","West Virginia","WV",1834052,2409,317,2045.2,470.39,0.00131348511383538,0.000172841337104946
2007,"East North Central","Midwest","Wisconsin","WI",5610775,5648,476,5966.8,580.5,0.0010066345558323,8.48367649745356e-05
2007,"Mountain","West","Wyoming","WY",534876,537,84.1,859.8,127.62,0.00100397101384246,0.000157232704402516
2008,"East South Central","South","Alabama","AL",4718206,5387,398,5106.3,624,0.00114174752013795,8.43540956032865e-05
2008,"Mountain","West","Arizona","AZ",6280362,12488,93.5,11803.2,149.56,0.00198842041270869,1.48876768568436e-05
2008,"West South Central","South","Arkansas","AR",2874554,3255,500.9,3211.4,633.61,0.00113234957492536,0.000174253118918622
2008,"Pacific","West","California","CA",36604337,136531,506.1,123428.5,498.51,0.00372991320673285,1.38262304819235e-05
2008,"Mountain","West","Colorado","CO",4889730,14747,291.5,13189.1,415.96,0.00301591294406849,5.96147435543476e-05
2008,"New England","Northeast","Connecticut","CT",3545579,4627,43.2,4354.2,58.62,0.00130500547301301,1.2184187688386e-05
2008,"South Atlantic","South","Delaware","DE",883874,933,13.4,1001.9,20.7,0.00105558032027189,1.51605319310218e-05
2008,"Pacific","West","Hawaii","HI",1332213,6061,13.9,6497.5,22.91,0.00454957277852716,1.04337669726988e-05
2008,"Mountain","West","Idaho","ID",1534320,1464,204,1976.3,352.13,0.000954168621930236,0.000132957922727984
2008,"East North Central","Midwest","Illinois","IL",12747038,14724,678.9,13811.3,890.01,0.00115509187310809,5.32594317205299e-05
2008,"East North Central","Midwest","Indiana","IN",6424806,7395,521.5,6437.2,755.65,0.00115100751680284,8.11697660598623e-05
2008,"West North Central","Midwest","Iowa","IA",3016734,3346,477.5,3088.7,585.65,0.00110914651407781,0.0001582837598542
2008,"West North Central","Midwest","Kansas","KS",2808076,1572,433.5,2094.9,532.9,0.000559813908170577,0.000154376163608107
2008,"East South Central","South","Kentucky","KY",4289878,8137,0,5919.3,939.44,0.00189679053809922,0
2008,"West South Central","South","Louisiana","LA",4435586,5481,0,7093.1,328.47,0.00123568791136053,0
2008,"New England","Northeast","Maine","ME",1330509,2632,105.1,2528.8,128.84,0.00197819030160638,7.89923254934766e-05
2008,"South Atlantic","South","Maryland","MD",5684965,9219,104.3,9319.2,175.84,0.00162164586765266,1.8346638897513e-05
2008,"New England","Northeast","Massachusetts","MA",6468967,14506,80.8,17693.5,113.1,0.00224239820669977,1.24904022543321e-05
2008,"East North Central","Midwest","Michigan","MI",9946889,28248,0,15296.9,658.28,0.00283988290208124,0
2008,"West North Central","Midwest","Minnesota","MN",5247018,7644,601.9,7727.1,651.42,0.00145682747800751,0.000114712775904333
2008,"East South Central","South","Mississippi","MS",2947806,1961,636.9,2194.7,851.98,0.000665240521255469,0.000216058994384298
2008,"West North Central","Midwest","Missouri","MO",5923916,7853,710.3,7911,917.75,0.00132564337509175,0.000119903793369116
2008,"Mountain","West","Montana","MT",976415,1417,309,1572.9,354.64,0.00145122719335528,0.000316463798692154
2008,"West North Central","Midwest","Nebraska","NE",1796378,3985,338.7,3411.7,381.19,0.00221835270750365,0.000188546063245041
2008,"Mountain","West","Nevada","NV",2653630,8726,106.1,8907.1,156.47,0.00328832580276828,3.99829667285944e-05
2008,"New England","Northeast","New Hampshire","NH",1315906,2019,41.1,1608.5,52.18,0.00153430412202695,3.12332339847983e-05
2008,"Middle Atlantic","Northeast","New Jersey","NJ",8711090,13832,116.1,12788,175.24,0.00158786099098965,1.33278384220574e-05
2008,"Mountain","West","New Mexico","NM",2010662,3015,148.1,3028.3,241.53,0.00149950613280601,7.36573327590614e-05
2008,"Middle Atlantic","Northeast","New York","NY",19212436,61125,387.3,71603.2,497.59,0.00318153304453428,2.01588179656135e-05
2008,"South Atlantic","South","North Carolina","NC",9309449,12411,615.3,11964.5,935.65,0.00133316160816822,6.60941372577475e-05
2008,"West North Central","Midwest","North Dakota","ND",657569,615,238.5,966.9,249.92,0.000935263067449956,0.000362699579815959
2008,"East North Central","Midwest","Ohio","OH",11515391,12912,615,12218.6,807.37,0.00112128194344421,5.34067840162787e-05
2008,"West South Central","South","Oklahoma","OK",3668976,3846,288.3,4427.4,436.06,0.00104824888470243,7.85777830108455e-05
2008,"Pacific","West","Oregon","OR",3768748,20653,267.5,16057.6,360.16,0.00548006924315449,7.09784787945493e-05
2008,"Middle Atlantic","Northeast","Pennsylvania","PA",12612285,15378,400.2,15222.1,523.41,0.00121928738527555,3.17309670690125e-05
2008,"New England","Northeast","Rhode Island","RI",1055003,1196,34.8,1264.9,44.97,0.00113364606546143,3.29856881923558e-05
2008,"South Atlantic","South","South Carolina","SC",4528996,5660,343.8,5228,469.11,0.00124972510463688,7.591086412971e-05
2008,"West North Central","Midwest","South Dakota","SD",799124,579,245.5,839.2,333.56,0.00072454337499562,0.000307211396479145
2008,"East South Central","South","Tennessee","TN",6247411,9705,683.7,9710.7,893,0.00155344349843479,0.000109437333320955
2008,"West South Central","South","Texas","TX",24309039,40190,0,32773.3,1161.96,0.00165329448029599,0
2008,"Mountain","West","Utah","UT",2663029,3434,129.1,3237.1,204.88,0.00128950905153493,4.84786309123934e-05
2008,"New England","Northeast","Vermont","VT",624151,954,79.4,1238,86.63,0.00152847628218172,0.000127212805875501
2008,"South Atlantic","South","Virginia","VA",7833496,8469,0,8130.1,745.68,0.00108112648554362,0
2008,"Pacific","West","Washington","WA",6562231,21954,296,20838.4,384.88,0.00334550856256051,4.51066108462198e-05
2008,"South Atlantic","South","West Virginia","WV",1840310,2016,327.4,2045.2,470.39,0.00109546761143503,0.000177904809515788
2008,"East North Central","Midwest","Wisconsin","WI",5640996,5449,439.4,5966.8,580.5,0.000965964166611712,7.78940456614399e-05
2008,"Mountain","West","Wyoming","WY",546043,751,88.1,859.8,127.62,0.00137534956038261,0.000161342604886428
2009,"East South Central","South","Alabama","AL",4757938,6080,794.8,5106.3,624,0.00127786448667469,0.000167047153619908
2009,"Mountain","West","Arizona","AZ",6343154,14721,166,11803.2,149.56,0.00232076976217194,2.6169946370528e-05
2009,"West South Central","South","Arkansas","AR",2896843,2852,681,3211.4,633.61,0.000984520044752166,0.000235083502972029
2009,"Pacific","West","California","CA",36961229,123678,712.7,123428.5,498.51,0.00334615496687083,1.92823674775533e-05
2009,"Mountain","West","Colorado","CO",4972195,15268,387.4,13189.1,415.96,0.00307067602939949,7.7913275726314e-05
2009,"New England","Northeast","Connecticut","CT",3561807,4605,58.1,4354.2,58.62,0.00129288307872942,1.63119450323951e-05
2009,"South Atlantic","South","Delaware","DE",891730,1130,24.1,1001.9,20.7,0.00126719971291759,2.70261177710742e-05
2009,"Pacific","West","Hawaii","HI",1346717,5782,31.7,6497.5,22.91,0.00429340388515182,2.3538724171448e-05
2009,"Mountain","West","Idaho","ID",1554439,1939,404.5,1976.3,352.13,0.00124739536257132,0.000260222498277514
2009,"East North Central","Midwest","Illinois","IL",12796778,14055,948.4,13811.3,890.01,0.00109832334357914,7.41124054820674e-05
2009,"East North Central","Midwest","Indiana","IN",6459325,6984,963.2,6437.2,755.65,0.00108122752764414,0.00014911774837154
2009,"West North Central","Midwest","Iowa","IA",3032870,3380,738.5,3088.7,585.65,0.00111445594436952,0.000243498732223933
2009,"West North Central","Midwest","Kansas","KS",2832704,1670,554,2094.9,532.9,0.000589542712546034,0.000195572851946409
2009,"East South Central","South","Kentucky","KY",4317074,5999,0,5919.3,939.44,0.00138959860312795,0
2009,"West South Central","South","Louisiana","LA",4491648,12504,0,7093.1,328.47,0.00278383346157134,0
2009,"New England","Northeast","Maine","ME",1329590,2444,151.8,2528.8,128.84,0.00183816063598553,0.000114170533773569
2009,"South Atlantic","South","Maryland","MD",5730388,11698,184.9,9319.2,175.84,0.00204139754585553,3.22665760154461e-05
2009,"New England","Northeast","Massachusetts","MA",6517613,15482,121.2,17693.5,113.1,0.00237540952492883,1.85957650446567e-05
2009,"East North Central","Midwest","Michigan","MI",9901591,14005,0,15296.9,658.28,0.00141441915748691,0
2009,"West North Central","Midwest","Minnesota","MN",5281203,7718,802.6,7727.1,651.42,0.00146140945538356,0.000151972950102467
2009,"East South Central","South","Mississippi","MS",2958774,2797,866.9,2194.7,851.98,0.000945323975403326,0.000292992976144849
2009,"West North Central","Midwest","Missouri","MO",5961088,7181,1079.1,7911,917.75,0.00120464586330549,0.000181024000987739
2009,"Mountain","West","Montana","MT",983982,1196,409.9,1572.9,354.64,0.00121546938866768,0.000416572660882008
2009,"West North Central","Midwest","Nebraska","NE",1812683,3718,424.4,3411.7,381.19,0.00205110325412662,0.000234128085274701
2009,"Mountain","West","Nevada","NV",2684665,11089,155,8907.1,156.47,0.00413049672864212,5.77353226566443e-05
2009,"New England","Northeast","New Hampshire","NH",1316102,1645,59.1,1608.5,52.18,0.00124990312301022,4.49053340850481e-05
2009,"Middle Atlantic","Northeast","New Jersey","NJ",8755602,13169,179.8,12788,175.24,0.00150406562564173,2.05354240633597e-05
2009,"Mountain","West","New Mexico","NM",2036802,3475,220.6,3028.3,241.53,0.00170610594451498,0.000108307042117987
2009,"Middle Atlantic","Northeast","New York","NY",19307066,61067,533.4,71603.2,497.59,0.00316293526939826,2.7627190998363e-05
2009,"South Atlantic","South","North Carolina","NC",9449566,12918,1146.9,11964.5,935.65,0.00136704690987925,0.000121370653424718
2009,"West North Central","Midwest","North Dakota","ND",664968,773,309.2,966.9,249.92,0.00116246195305639,0.000464984781222555
2009,"East North Central","Midwest","Ohio","OH",11528896,12700,988.6,12218.6,807.37,0.00110157989108411,8.57497543563581e-05
2009,"West South Central","South","Oklahoma","OK",3717572,4838,435.1,4427.4,436.06,0.00130138703433316,0.00011703875540272
2009,"Pacific","West","Oregon","OR",3808600,17309,456.6,16057.6,360.16,0.00454471459328887,0.00011988657249383
2009,"Middle Atlantic","Northeast","Pennsylvania","PA",12666858,15096,589.8,15222.1,523.41,0.00119177147166251,4.65624545566075e-05
2009,"New England","Northeast","Rhode Island","RI",1053646,1607,53.3,1264.9,44.97,0.00152518018385682,5.05862500308453e-05
2009,"South Atlantic","South","South Carolina","SC",4589872,4473,577.8,5228,469.11,0.000974536980551963,0.000125885863483775
2009,"West North Central","Midwest","South Dakota","SD",807067,731,372.5,839.2,333.56,0.000905748841174277,0.000461547802103171
2009,"East South Central","South","Tennessee","TN",6306019,10532,1169.2,9710.7,893,0.00167015037537946,0.000185410161307792
2009,"West South Central","South","Texas","TX",24801761,36761,0,32773.3,1161.96,0.0014821931394307,0
2009,"Mountain","West","Utah","UT",2723421,3795,239.3,3237.1,204.88,0.00139346799484913,8.78674285026076e-05
2009,"New England","Northeast","Vermont","VT",624817,1214,105.5,1238,86.63,0.0019429689012943,0.000168849439115773
2009,"South Atlantic","South","Virginia","VA",7925937,8852,0,8130.1,745.68,0.00111683956105127,0
2009,"Pacific","West","Washington","WA",6667426,22782,380.9,20838.4,384.88,0.0034169108138583,5.71284930646399e-05
2009,"South Atlantic","South","West Virginia","WV",1847775,1667,414,2045.2,470.39,0.000902166118710341,0.000224053253237001
2009,"East North Central","Midwest","Wisconsin","WI",5669264,6525,637.3,5966.8,580.5,0.00115094305010315,0.000112413180970228
2009,"Mountain","West","Wyoming","WY",559851,515,123.2,859.8,127.62,0.000919887612954161,0.000220058551293112
2010,"East South Central","South","Alabama","AL",4785492,6046,968.3,5106.3,624,0.00126340196577489,0.000202340741558026
2010,"Mountain","West","Arizona","AZ",6408312,13711,212.3,11803.2,149.56,0.00213956498996928,3.31288489074814e-05
2010,"West South Central","South","Arkansas","AR",2921995,2762,760.6,3211.4,633.61,0.000945244601719031,0.000260301609003438
2010,"Pacific","West","California","CA",37332685,123480,865.7,123428.5,498.51,0.00330755743927874,2.31887955554228e-05
2010,"Mountain","West","Colorado","CO",5048644,15482,557.6,13189.1,415.96,0.00306656599276954,0.000110445497840608
2010,"New England","Northeast","Connecticut","CT",3579899,4316,75,4354.2,58.62,0.00120562060549753,2.09503117266716e-05
2010,"South Atlantic","South","Delaware","DE",899816,982,29,1001.9,20.7,0.00109133422833113,3.22288112236279e-05
2010,"Pacific","West","Hawaii","HI",1363945,5834,33.9,6497.5,22.91,0.00427729857142333,2.48543746265429e-05
2010,"Mountain","West","Idaho","ID",1571010,2346,507.8,1976.3,352.13,0.00149330685355281,0.000323231551676947
2010,"East North Central","Midwest","Illinois","IL",12841578,14395,1244.9,13811.3,890.01,0.00112096815515975,9.69429146480285e-05
2010,"East North Central","Midwest","Indiana","IN",6490528,6452,1141.5,6437.2,755.65,0.000994063965212075,0.000175871670224672
2010,"West North Central","Midwest","Iowa","IA",3050738,3014,761.7,3088.7,585.65,0.000987957667947887,0.000249677291199703
2010,"West North Central","Midwest","Kansas","KS",2858850,1809,701.9,2094.9,532.9,0.00063277191877853,0.000245518302814069
2010,"East South Central","South","Kentucky","KY",4348662,6623,1592.7,5919.3,939.44,0.00152299718856053,0.000366250584662593
2010,"West South Central","South","Louisiana","LA",4544996,12482,615,7093.1,328.47,0.00274631704846385,0.000135313650441056
2010,"New England","Northeast","Maine","ME",1327730,2379,160.4,2528.8,128.84,0.00179177995526199,0.000120807694335445
2010,"South Atlantic","South","Maryland","MD",5788584,10845,229,9319.2,175.84,0.00187351518091471,3.95606248436578e-05
2010,"New England","Northeast","Massachusetts","MA",6565524,16646,154.4,17693.5,113.1,0.00253536503712423,2.35167825142365e-05
2010,"East North Central","Midwest","Michigan","MI",9877495,13058,1327.6,15296.9,658.28,0.00132199510098461,0.000134406547409034
2010,"West North Central","Midwest","Minnesota","MN",5311147,7869,826.4,7727.1,651.42,0.00148160086700669,0.000155597274938916
2010,"East South Central","South","Mississippi","MS",2970322,2743,1114.8,2194.7,851.98,0.000923468903371419,0.000375312844870017
2010,"West North Central","Midwest","Missouri","MO",5996118,8337,1308,7911,917.75,0.00139039958853378,0.000218141137315843
2010,"Mountain","West","Montana","MT",990641,1615,439.5,1572.9,354.64,0.00163025758069775,0.000443652140381834
2010,"West North Central","Midwest","Nebraska","NE",1830051,3877,488.8,3411.7,381.19,0.00211852019424595,0.000267096381466965
2010,"Mountain","West","Nevada","NV",2703284,11205,218.9,8907.1,156.47,0.00414495850232532,8.09755837714424e-05
2010,"New England","Northeast","New Hampshire","NH",1316872,1574,69.4,1608.5,52.18,0.00119525663845841,5.27006421277087e-05
2010,"Middle Atlantic","Northeast","New Jersey","NJ",8803729,13737,232.5,12788,175.24,0.0015603615240769,2.64092636199956e-05
2010,"Mountain","West","New Mexico","NM",2064756,3475,299,3028.3,241.53,0.00168300758055673,0.000144811299737112
2010,"Middle Atlantic","Northeast","New York","NY",19402640,65606,618.3,71603.2,497.59,0.0033812924426779,3.1866797507968e-05
2010,"South Atlantic","South","North Carolina","NC",9558915,12191,1329.9,11964.5,935.65,0.0012753539496899,0.000139126668664801
2010,"West North Central","Midwest","North Dakota","ND",674526,799,273,966.9,249.92,0.00118453551086244,0.000404728653899183
2010,"East North Central","Midwest","Ohio","OH",11540983,12569,1220.8,12218.6,807.37,0.00108907534132924,0.000105779551013982
2010,"West South Central","South","Oklahoma","OK",3759603,5229,617.6,4427.4,436.06,0.00139083834117592,0.000164272663895629
2010,"Pacific","West","Oregon","OR",3838048,19492,478.3,16057.6,360.16,0.00507862330017759,0.00012462064049225
2010,"Middle Atlantic","Northeast","Pennsylvania","PA",12712343,14516,702,15222.1,523.41,0.0011418823422244,5.52219209314915e-05
2010,"New England","Northeast","Rhode Island","RI",1053337,1282,57.6,1264.9,44.97,0.00121708437090884,5.46833539503502e-05
2010,"South Atlantic","South","South Carolina","SC",4635943,4473,674,5228,469.11,0.000964852242575027,0.000145385739212065
2010,"West North Central","Midwest","South Dakota","SD",816325,731,411.5,839.2,333.56,0.000895476679018773,0.000504088445165835
2010,"East South Central","South","Tennessee","TN",6356671,10276,1279.7,9710.7,893,0.00161656942761392,0.000201316066223972
2010,"West South Central","South","Texas","TX",25244310,35121,2203.2,32773.3,1161.96,0.00139124420512979,8.72751126887603e-05
2010,"Mountain","West","Utah","UT",2775326,3284,299.3,3237.1,204.88,0.00118328441415531,0.000107843186710318
2010,"New England","Northeast","Vermont","VT",625982,1220,110.3,1238,86.63,0.00194893782888326,0.000176203149611331
2010,"South Atlantic","South","Virginia","VA",8025773,9080,1259.5,8130.1,745.68,0.00113135519781085,0.000156931924189732
2010,"Pacific","West","Washington","WA",6743226,22878,511.5,20838.4,384.88,0.00339273813453679,7.58539013819202e-05
2010,"South Atlantic","South","West Virginia","WV",1854230,2264,597.8,2045.2,470.39,0.00122099200207094,0.000322397976518555
2010,"East North Central","Midwest","Wisconsin","WI",5690263,6333,819.6,5966.8,580.5,0.0011129538300778,0.000144035521732475
2010,"Mountain","West","Wyoming","WY",564513,579,180.6,859.8,127.62,0.00102566282795967,0.000319921773280686
2011,"East South Central","South","Alabama","AL",4799918,5558,864,5106.3,624,0.00115793644808099,0.000180003075052532
2011,"Mountain","West","Arizona","AZ",6467163,10504,190.1,11803.2,149.56,0.00162420523496934,2.93946511012634e-05
2011,"West South Central","South","Arkansas","AR",2939493,3424,794.9,3211.4,633.61,0.00116482672352001,0.00027042078344803
2011,"Pacific","West","California","CA",37676861,125128,871.2,123428.5,498.51,0.00332108346287128,2.31229454067312e-05
2011,"Mountain","West","Colorado","CO",5118360,15116,595.6,13189.1,415.96,0.00295328972561524,0.00011636539829164
2011,"New England","Northeast","Connecticut","CT",3589893,4456,76.2,4354.2,58.62,0.0012412626225907,2.12262593899038e-05
2011,"South Atlantic","South","Delaware","DE",907924,1035,26.6,1001.9,20.7,0.00113996325683648,2.92976064075848e-05
2011,"Pacific","West","Hawaii","HI",1377864,6188,32.4,6497.5,22.91,0.00449100927232296,2.35146574698229e-05
2011,"Mountain","West","Idaho","ID",1584143,2199,486.8,1976.3,352.13,0.00138813225826204,0.000307295490369241
2011,"East North Central","Midwest","Illinois","IL",12860012,14009,991.3,13811.3,890.01,0.00108934579532274,7.70839094084827e-05
2011,"East North Central","Midwest","Indiana","IN",6516480,6196,945.8,6437.2,755.65,0.000950820074641524,0.000145139707326655
2011,"West North Central","Midwest","Iowa","IA",3065223,3134,685.8,3088.7,585.65,0.00102243784546834,0.000223735760823927
2011,"West North Central","Midwest","Kansas","KS",2869503,2308,664.7,2094.9,532.9,0.000804320469433208,0.000231642901227146
2011,"East South Central","South","Kentucky","KY",4369354,6034,1448,5919.3,939.44,0.00138098217722803,0.000331399103849219
2011,"West South Central","South","Louisiana","LA",4575404,9291,655.3,7093.1,328.47,0.00203064035438182,0.000143222325285374
2011,"New England","Northeast","Maine","ME",1328231,2447,159,2528.8,128.84,0.00184230002160769,0.000119708092944676
2011,"South Atlantic","South","Maryland","MD",5843603,10208,220.4,9319.2,175.84,0.00174686747200315,3.77164567818861e-05
2011,"New England","Northeast","Massachusetts","MA",6611923,16664,140.5,17693.5,113.1,0.00252029553278222,2.12494912599557e-05
2011,"East North Central","Midwest","Michigan","MI",9876213,13185,1110.8,15296.9,658.28,0.00133502588492168,0.000112472260369435
2011,"West North Central","Midwest","Minnesota","MN",5348562,7495,761.8,7727.1,651.42,0.00140131123094394,0.000142430806635503
2011,"East South Central","South","Mississippi","MS",2978162,2306,1002.1,2194.7,851.98,0.000774303076864187,0.000336482703090027
2011,"West North Central","Midwest","Missouri","MO",6010717,9192,1241.3,7911,917.75,0.00152926847163159,0.000206514464081407
2011,"Mountain","West","Montana","MT",997821,1768,438.5,1572.9,354.64,0.00177186088486813,0.000439457578062598
2011,"West North Central","Midwest","Nebraska","NE",1842283,3548,452.6,3411.7,381.19,0.00192587132378684,0.000245673438879911
2011,"Mountain","West","Nevada","NV",2718379,9150,218.4,8907.1,156.47,0.00336597656176714,8.03419979333272e-05
2011,"New England","Northeast","New Hampshire","NH",1318473,1469,61,1608.5,52.18,0.00111416767730549,4.62656421481517e-05
2011,"Middle Atlantic","Northeast","New Jersey","NJ",8841243,14137,226.4,12788,175.24,0.00159898331037842,2.56072590697937e-05
2011,"Mountain","West","New Mexico","NM",2077756,3601,290.4,3028.3,241.53,0.00173311976959759,0.000139766170811202
2011,"Middle Atlantic","Northeast","New York","NY",19519529,63445,598.5,71603.2,497.59,0.00325033457518365,3.06616004925119e-05
2011,"South Atlantic","South","North Carolina","NC",9650963,12896,1243.4,11964.5,935.65,0.00133623970996469,0.000128836883946193
2011,"West North Central","Midwest","North Dakota","ND",685476,603,257.9,966.9,249.92,0.000879680689039441,0.0003762349082973
2011,"East North Central","Midwest","Ohio","OH",11544824,13030,1014.8,12218.6,807.37,0.0011286443171416,8.79008636251189e-05
2011,"West South Central","South","Oklahoma","OK",3786274,4625,535.9,4427.4,436.06,0.00122151751299563,0.000141537564370672
2011,"Pacific","West","Oregon","OR",3868031,17254,450.1,16057.6,360.16,0.00446066745587096,0.000116364113938073
2011,"Middle Atlantic","Northeast","Pennsylvania","PA",12744293,15096,617.7,15222.1,523.41,0.0011845302050102,4.84687538178854e-05
2011,"New England","Northeast","Rhode Island","RI",1052451,1070,56.9,1264.9,44.97,0.00101667441049512,5.40642747263293e-05
2011,"South Atlantic","South","South Carolina","SC",4672637,5093,621.7,5228,469.11,0.00108996269130258,0.000133051208557395
2011,"West North Central","Midwest","South Dakota","SD",824398,826,418.9,839.2,333.56,0.00100194323615535,0.000508128355478786
2011,"East South Central","South","Tennessee","TN",6397634,9113,1146.4,9710.7,893,0.00142443284501739,0.000179191244763298
2011,"West South Central","South","Texas","TX",25646389,36911,2043.9,32773.3,1161.96,0.00143922795524937,7.96954300272058e-05
2011,"Mountain","West","Utah","UT",2816124,3130,282.2,3237.1,204.88,0.00111145673983106,0.000100208655584768
2011,"New England","Northeast","Vermont","VT",626730,1144,103.5,1238,86.63,0.00182534743829081,0.000165142884495716
2011,"South Atlantic","South","Virginia","VA",8110035,8816,1138.7,8130.1,745.68,0.00108704832963113,0.000140406299109683
2011,"Pacific","West","Washington","WA",6822520,20439,480.1,20838.4,384.88,0.00299581386349912,7.03698926496368e-05
2011,"South Atlantic","South","West Virginia","WV",1854972,2211,595.9,2045.2,470.39,0.00119193173805319,0.000321244741160513
2011,"East North Central","Midwest","Wisconsin","WI",5709640,5785,714.5,5966.8,580.5,0.00101319873056795,0.000125139238200657
2011,"Mountain","West","Wyoming","WY",567725,1038,161.4,859.8,127.62,0.00182834999339469,0.000284292571227267
2012,"East South Central","South","Alabama","AL",4815960,5209,643.4,5106.3,624,0.00108161197352137,0.000133597455128365
2012,"Mountain","West","Arizona","AZ",6549634,11302,176.1,11803.2,149.56,0.00172559260563262,2.68869985712179e-05
2012,"West South Central","South","Arkansas","AR",2950685,4214,727,3211.4,633.61,0.00142814295663549,0.000246383466889892
2012,"Pacific","West","California","CA",38011074,120098,0,123428.5,498.51,0.00315955292397158,0
2012,"Mountain","West","Colorado","CO",5189867,16768,550.3,13189.1,415.96,0.00323091131237082,0.000106033545753677
2012,"New England","Northeast","Connecticut","CT",3593795,4209,68.1,4354.2,58.62,0.00117118533472277,1.89493279388502e-05
2012,"South Atlantic","South","Delaware","DE",916993,1008,24.1,1001.9,20.7,0.00109924503240483,2.62815528580916e-05
2012,"Pacific","West","Hawaii","HI",1391820,6246,31.2,6497.5,22.91,0.00448764926499116,2.24166918135966e-05
2012,"Mountain","West","Idaho","ID",1595911,1968,440.2,1976.3,352.13,0.0012331514727325,0.000275829917833764
2012,"East North Central","Midwest","Illinois","IL",12870798,14144,965.3,13811.3,890.01,0.00109892176071756,7.49992347016867e-05
2012,"East North Central","Midwest","Indiana","IN",6537743,6259,872.1,6437.2,755.65,0.000957364032204998,0.000133394659288381
2012,"West North Central","Midwest","Iowa","IA",3076310,2928,615,3088.7,585.65,0.000951789644086584,0.000199914833030481
2012,"West North Central","Midwest","Kansas","KS",2885262,2458,591.7,2094.9,532.9,0.000851915701243076,0.00020507669667434
2012,"East South Central","South","Kentucky","KY",4384799,5230,1240.2,5919.3,939.44,0.00119275706822593,0.000282840787000727
2012,"West South Central","South","Louisiana","LA",4603429,7772,0,7093.1,328.47,0.00168830669485725,0
2012,"New England","Northeast","Maine","ME",1328895,2393,154.3,2528.8,128.84,0.00180074422734678,0.000116111506176184
2012,"South Atlantic","South","Maryland","MD",5889651,9454,209.5,9319.2,175.84,0.00160518849079513,3.55708682908376e-05
2012,"New England","Northeast","Massachusetts","MA",6658008,17501,124.1,17693.5,113.1,0.00262856397889579,1.8639208604135e-05
2012,"East North Central","Midwest","Michigan","MI",9887238,12592,974.7,15296.9,658.28,0.00127356092773331,9.85816261325964e-05
2012,"West North Central","Midwest","Minnesota","MN",5380285,7744,658.3,7727.1,651.42,0.00143932895748088,0.000122354113211475
2012,"East South Central","South","Mississippi","MS",2984945,2413,949.8,2194.7,851.98,0.000808390104340281,0.000318196817696808
2012,"West North Central","Midwest","Missouri","MO",6025415,10463,962.9,7911,917.75,0.00173647790235195,0.000159806419972732
2012,"Mountain","West","Montana","MT",1005196,1833,387.1,1572.9,354.64,0.00182352496428557,0.000385099025463691
2012,"West North Central","Midwest","Nebraska","NE",1855725,3789,395.2,3411.7,381.19,0.00204178959705775,0.000212962588745639
2012,"Mountain","West","Nevada","NV",2752565,8497,198.1,8907.1,156.47,0.00308693890970785,7.19692359671797e-05
2012,"New England","Northeast","New Hampshire","NH",1321182,1496,60.1,1608.5,52.18,0.00113231939278616,4.54895691888021e-05
2012,"Middle Atlantic","Northeast","New Jersey","NJ",8873211,13025,219.3,12788,175.24,0.00146790152967173,2.47148411099432e-05
2012,"Mountain","West","New Mexico","NM",2083784,3245,283.4,3028.3,241.53,0.0015572631328391,0.000136002579921911
2012,"Middle Atlantic","Northeast","New York","NY",19602769,69566,606,71603.2,497.59,0.00354878435796494,3.09139999558226e-05
2012,"South Atlantic","South","North Carolina","NC",9746175,13524,1152.4,11964.5,935.65,0.00138762129758598,0.000118241258750228
2012,"West North Central","Midwest","North Dakota","ND",702087,688,244.3,966.9,249.92,0.000979935535054772,0.00034796257443878
2012,"East North Central","Midwest","Ohio","OH",11550839,13977,849.2,12218.6,807.37,0.00121004197184291,7.35184690912929e-05
2012,"West South Central","South","Oklahoma","OK",3817054,5032,471.3,4427.4,436.06,0.00131829416088952,0.000123472185617495
2012,"Pacific","West","Oregon","OR",3899116,15828,425.3,16057.6,360.16,0.00405938166497227,0.000109076005945963
2012,"Middle Atlantic","Northeast","Pennsylvania","PA",12771854,14736,582.4,15222.1,523.41,0.00115378706959851,4.56002707202885e-05
2012,"New England","Northeast","Rhode Island","RI",1052901,1277,57.6,1264.9,44.97,0.00121283957371111,5.47059979998119e-05
2012,"South Atlantic","South","South Carolina","SC",4720760,4915,564.5,5228,469.11,0.00104114591718283,0.000119578203509604
2012,"West North Central","Midwest","South Dakota","SD",834441,859,373.8,839.2,333.56,0.00102943167941173,0.000447964565499538
2012,"East South Central","South","Tennessee","TN",6454306,9426,952.9,9710.7,893,0.00146042037672214,0.00014763787152329
2012,"West South Central","South","Texas","TX",26071655,34052,1782.3,32773.3,1161.96,0.00130609276626282,6.8361598065025e-05
2012,"Mountain","West","Utah","UT",2855782,3527,234.4,3237.1,204.88,0.00123503824871786,8.2079094272602e-05
2012,"New England","Northeast","Vermont","VT",626444,1160,94.8,1238,86.63,0.00185172178199488,0.00015133036632165
2012,"South Atlantic","South","Virginia","VA",8192048,8424,1053.2,8130.1,745.68,0.00102831428722097,0.000128563699822071
2012,"Pacific","West","Washington","WA",6895226,20504,442.2,20838.4,384.88,0.00297365162505188,6.41313279651747e-05
2012,"South Atlantic","South","West Virginia","WV",1856560,2410,499.2,2045.2,470.39,0.00129809971129401,0.000268884388331107
2012,"East North Central","Midwest","Wisconsin","WI",5726177,6027,640.9,5966.8,580.5,0.00105253470159934,0.000111924587731046
2012,"Mountain","West","Wyoming","WY",576765,1813,145.6,859.8,127.62,0.00314339462346016,0.00025244250257904
2013,"East South Central","South","Alabama","AL",4829479,4689,644.9,5106.3,624,0.000970912183281054,0.000133534072722958
2013,"Mountain","West","Arizona","AZ",6624617,10562,168.2,11803.2,149.56,0.00159435632278817,2.53901470832201e-05
2013,"West South Central","South","Arkansas","AR",2958663,3812,724.2,3211.4,633.61,0.00128841980313405,0.00024477272335511
2013,"Pacific","West","California","CA",38335203,118552,0,123428.5,498.51,0.00309251003574965,0
2013,"Mountain","West","Colorado","CO",5267603,9754,530.8,13189.1,415.96,0.00185169611301383,0.000100766895303234
2013,"New England","Northeast","Connecticut","CT",3596003,4448,67.9,4354.2,58.62,0.00123692889021505,1.88820754598926e-05
2013,"South Atlantic","South","Delaware","DE",925395,946,24.6,1001.9,20.7,0.0010222661674204,2.65832428314395e-05
2013,"Pacific","West","Hawaii","HI",1406481,6335,23,6497.5,22.91,0.00450414900734528,1.63528693242212e-05
2013,"Mountain","West","Idaho","ID",1612011,1781,388.4,1976.3,352.13,0.0011048311705069,0.000240941283899427
2013,"East North Central","Midwest","Illinois","IL",12879505,13425,1060.7,13811.3,890.01,0.00104235372399793,8.23556495377734e-05
2013,"East North Central","Midwest","Indiana","IN",6569102,6096,902.2,6437.2,755.65,0.000927980719434711,0.000137339928653871
2013,"West North Central","Midwest","Iowa","IA",3091930,3084,607.5,3088.7,585.65,0.00099743525888361,0.000196479221715886
2013,"West North Central","Midwest","Kansas","KS",2892821,2331,571.6,2094.9,532.9,0.000805787845151843,0.000197592592144485
2013,"East South Central","South","Kentucky","KY",4400477,5245,1274.3,5919.3,939.44,0.00119191623998944,0.000289582243015928
2013,"West South Central","South","Louisiana","LA",4626402,5226,581.1,7093.1,328.47,0.00112960352342922,0.000125605167903697
2013,"New England","Northeast","Maine","ME",1329076,3016,144.3,2528.8,128.84,0.00226924570152497,0.000108571669340203
2013,"South Atlantic","South","Maryland","MD",5931129,8205,208.6,9319.2,175.84,0.00138337911719674,3.51703697559099e-05
2013,"New England","Northeast","Massachusetts","MA",6706786,19029,127.4,17693.5,113.1,0.00283727555941102,1.89956858620508e-05
2013,"East North Central","Midwest","Michigan","MI",9898982,11527,1000.6,15296.9,658.28,0.00116446317409204,0.000101081101066756
2013,"West North Central","Midwest","Minnesota","MN",5418521,8214,650.1,7727.1,651.42,0.00151591181431243,0.000119977388663807
2013,"East South Central","South","Mississippi","MS",2990482,2403,977.8,2194.7,851.98,0.000803549394378565,0.000326970702381756
2013,"West North Central","Midwest","Missouri","MO",6042711,8943,956.4,7911,917.75,0.00147996487007239,0.000158273331291204
2013,"Mountain","West","Montana","MT",1014314,1878,369.5,1572.9,354.64,0.00185149766245955,0.000364285615696914
2013,"West North Central","Midwest","Nebraska","NE",1868559,3145,407.4,3411.7,381.19,0.00168311517056727,0.000218028973128491
2013,"Mountain","West","Nevada","NV",2786464,7039,176.7,8907.1,156.47,0.00252614065711956,6.34137028147502e-05
2013,"New England","Northeast","New Hampshire","NH",1322687,1447,60,1608.5,52.18,0.00109398519831222,4.53622058733472e-05
2013,"Middle Atlantic","Northeast","New Jersey","NJ",8899162,12002,220.1,12788,175.24,0.00134866631262584,2.47326658397723e-05
2013,"Mountain","West","New Mexico","NM",2085193,2819,270.8,3028.3,241.53,0.001351913228176,0.000129868074561923
2013,"Middle Atlantic","Northeast","New York","NY",19673546,77430,602.8,71603.2,497.59,0.00393574193488047,3.06401296441424e-05
2013,"South Atlantic","South","North Carolina","NC",9841590,12168,1114.3,11964.5,935.65,0.00123638558403673,0.000113223574645967
2013,"West North Central","Midwest","North Dakota","ND",724019,2069,241.7,966.9,249.92,0.00285765981279497,0.000333831018246759
2013,"East North Central","Midwest","Ohio","OH",11570022,12325,875.2,12218.6,807.37,0.00106525294420356,7.56437628208486e-05
2013,"West South Central","South","Oklahoma","OK",3852415,4408,476.8,4427.4,436.06,0.00114421732861075,0.000123766520481308
2013,"Pacific","West","Oregon","OR",3925751,13822,412.1,16057.6,360.16,0.00352085499054831,0.000104973545189188
2013,"Middle Atlantic","Northeast","Pennsylvania","PA",12781338,15086,635.1,15222.1,523.41,0.0011803146118192,4.96896334327439e-05
2013,"New England","Northeast","Rhode Island","RI",1053033,1384,49.5,1264.9,44.97,0.00131429879215561,4.70070738523864e-05
2013,"South Atlantic","South","South Carolina","SC",4767894,6544,507.3,5228,469.11,0.00137251373457548,0.000106399177498493
2013,"West North Central","Midwest","South Dakota","SD",844922,1094,350.7,839.2,333.56,0.00129479407566616,0.000415067899758794
2013,"East South Central","South","Tennessee","TN",6494821,9528,1004.7,9710.7,893,0.00146701502628017,0.000154692484981495
2013,"West South Central","South","Texas","TX",26473525,29615,1711.4,32773.3,1161.96,0.00111866477924644,6.46457168057522e-05
2013,"Mountain","West","Utah","UT",2902663,3277,219.3,3237.1,204.88,0.00112896330025222,7.55513127083647e-05
2013,"New England","Northeast","Vermont","VT",627140,1454,84.9,1238,86.63,0.00231846158752432,0.000135376470963421
2013,"South Atlantic","South","Virginia","VA",8262692,7625,1039.2,8130.1,745.68,0.000922822731381008,0.000125770148518183
2013,"Pacific","West","Washington","WA",6968006,17760,428.5,20838.4,384.88,0.00254879229438092,6.14953546251252e-05
2013,"South Atlantic","South","West Virginia","WV",1853231,2240,519.5,2045.2,470.39,0.00120869983288646,0.000280321233564515
2013,"East North Central","Midwest","Wisconsin","WI",5742854,6104,642,5966.8,580.5,0.00106288615381829,0.000111791105955332
2013,"Mountain","West","Wyoming","WY",582684,953,138.9,859.8,127.62,0.00163553486967207,0.000238379636303726
2014,"East South Central","South","Alabama","AL",4843214,4561,592.2,5106.3,624,0.000941730016472533,0.000122274175784923
2014,"Mountain","West","Arizona","AZ",6719993,10495,150.3,11803.2,149.56,0.00156175757921176,2.23660947265868e-05
2014,"West South Central","South","Arkansas","AR",2966912,2936,644.9,3211.4,633.61,0.000989581086328142,0.000217364047197895
2014,"Pacific","West","California","CA",38680810,113952,610.8,123428.5,498.51,0.00294595692282556,1.57907758394925e-05
2014,"Mountain","West","Colorado","CO",5349648,10028,442.9,13189.1,415.96,0.00187451585599651,8.27904938792234e-05
2014,"New England","Northeast","Connecticut","CT",3591873,4450,59.4,4354.2,58.62,0.00123890794579875,1.65373330293137e-05
2014,"South Atlantic","South","Delaware","DE",934948,901,20.7,1001.9,20.7,0.000963689959227679,2.21402687636104e-05
2014,"Pacific","West","Hawaii","HI",1416349,6918,21,6497.5,22.91,0.00488438937013406,1.48268541157582e-05
2014,"Mountain","West","Idaho","ID",1633532,2104,324.5,1976.3,352.13,0.001288006601646,0.000198649307145498
2014,"East North Central","Midwest","Illinois","IL",12867544,13107,911.8,13811.3,890.01,0.00101860930104455,7.08604532457787e-05
2014,"East North Central","Midwest","Indiana","IN",6595233,5971,621.8,6437.2,755.65,0.000905350879946167,9.42802172417563e-05
2014,"West North Central","Midwest","Iowa","IA",3108030,3122,540.4,3088.7,585.65,0.00100449480860867,0.000173872195570828
2014,"West North Central","Midwest","Kansas","KS",2899360,2521,480.5,2094.9,532.9,0.000869502234975995,0.000165726229236797
2014,"East South Central","South","Kentucky","KY",4413057,5089,1153.1,5919.3,939.44,0.00115316888043821,0.000261292795447691
2014,"West South Central","South","Louisiana","LA",4647880,4606,422,7093.1,328.47,0.000990989440346997,9.07940824634027e-05
2014,"New England","Northeast","Maine","ME",1330719,2726,125.5,2528.8,128.84,0.00204851662898027,9.43099181720559e-05
2014,"South Atlantic","South","Maryland","MD",5967295,7856,179.6,9319.2,175.84,0.00131650940669097,3.00973891855522e-05
2014,"New England","Northeast","Massachusetts","MA",6749911,21237,113.6,17693.5,113.1,0.00314626370629183,1.68298515343387e-05
2014,"East North Central","Midwest","Michigan","MI",9915767,12227,859.8,15296.9,658.28,0.00123308665885352,8.67103876079379e-05
2014,"West North Central","Midwest","Minnesota","MN",5453109,8377,584.8,7727.1,651.42,0.00153618788841375,0.000107241575402215
2014,"East South Central","South","Mississippi","MS",2992400,2226,869.5,2194.7,851.98,0.000743884507418794,0.000290569442587889
2014,"West North Central","Midwest","Missouri","MO",6060930,7544,896.8,7911,917.75,0.00124469347113397,0.000147964091319319
2014,"Mountain","West","Montana","MT",1022867,1745,345.2,1572.9,354.64,0.00170598914619398,0.000337482781241354
2014,"West North Central","Midwest","Nebraska","NE",1881145,3026,358.4,3411.7,381.19,0.00160859476542212,0.00019052226170763
2014,"Mountain","West","Nevada","NV",2833013,8582,149.7,8907.1,156.47,0.00302928366371775,5.28412682892736e-05
2014,"New England","Northeast","New Hampshire","NH",1328743,1376,51.6,1608.5,52.18,0.00103556519206498,3.88336947024368e-05
2014,"Middle Atlantic","Northeast","New Jersey","NJ",8925001,11671,175.4,12788,175.24,0.00130767492350981,1.96526588624472e-05
2014,"Mountain","West","New Mexico","NM",2083024,2746,262.1,3028.3,241.53,0.00131827573758152,0.000125826682745854
2014,"Middle Atlantic","Northeast","New York","NY",19718515,80590,483.3,71603.2,497.59,0.00408702176609141,2.45099592946021e-05
2014,"South Atlantic","South","North Carolina","NC",9934399,11491,801.5,11964.5,935.65,0.00115668798887582,8.0679264040029e-05
2014,"West North Central","Midwest","North Dakota","ND",739904,1258,229,966.9,249.92,0.00170022056915492,0.000309499610760315
2014,"East North Central","Midwest","Ohio","OH",11594408,11823,722.9,12218.6,807.37,0.00101971571122907,6.23490220458e-05
2014,"West South Central","South","Oklahoma","OK",3877499,4191,438,4427.4,436.06,0.00108085134257933,0.000112959410176508
2014,"Pacific","West","Oregon","OR",3968371,12164,345,16057.6,360.16,0.0030652376000127,8.69374360411363e-05
2014,"Middle Atlantic","Northeast","Pennsylvania","PA",12790565,15333,498.5,15222.1,523.41,0.0011987742527402,3.89740406307305e-05
2014,"New England","Northeast","Rhode Island","RI",1054480,1190,47.1,1264.9,44.97,0.00112851832182687,4.46665655109628e-05
2014,"South Atlantic","South","South Carolina","SC",4828430,5057,357.4,5228,469.11,0.00104733836878654,7.40199195183527e-05
2014,"West North Central","Midwest","South Dakota","SD",852561,885,322.9,839.2,333.56,0.00103804889034333,0.000378741227900408
2014,"East South Central","South","Tennessee","TN",6544663,9415,780.7,9710.7,893,0.00143857674566284,0.000119288036679658
2014,"West South Central","South","Texas","TX",26944751,28495,1425,32773.3,1161.96,0.00105753435984619,5.28859962372634e-05
2014,"Mountain","West","Utah","UT",2941836,3081,185.1,3237.1,204.88,0.00104730515229265,6.29198908436772e-05
2014,"New England","Northeast","Vermont","VT",626984,1559,76.5,1238,86.63,0.00248650683271024,0.000122012682939278
2014,"South Atlantic","South","Virginia","VA",8317372,7020,893.6,8130.1,745.68,0.000844016595626599,0.000107437782030189
2014,"Pacific","West","Washington","WA",7054196,18442,352,20838.4,384.88,0.00261433053462081,4.98993790362502e-05
2014,"South Atlantic","South","West Virginia","WV",1848514,2013,487.7,2045.2,470.39,0.00108898282620527,0.000263833544133288
2014,"East North Central","Midwest","Wisconsin","WI",5758377,6055,534.1,5966.8,580.5,0.00105151156306716,9.27518292046526e-05
2014,"Mountain","West","Wyoming","WY",583642,757,119,859.8,127.62,0.00129702797262706,0.000203892111945336
2015,"East South Central","South","Alabama","AL",4853875,3970,495.8,5106.3,624,0.000817903221652803,0.000102145193273416
2015,"Mountain","West","Arizona","AZ",6817565,9896,139.9,11803.2,149.56,0.00145154464973931,2.05205230899889e-05
2015,"West South Central","South","Arkansas","AR",2977853,2560,563.4,3211.4,633.61,0.000859679775999688,0.000189196713202431
2015,"Pacific","West","California","CA",38993940,115738,528.3,123428.5,498.51,0.00296810222306338,1.35482590371735e-05
2015,"Mountain","West","Colorado","CO",5448819,9953,321.2,13189.1,415.96,0.0018266343587482,5.89485538058798e-05
2015,"New England","Northeast","Connecticut","CT",3584730,4047,52.5,4354.2,58.62,0.00112895531881062,1.46454544693743e-05
2015,"South Atlantic","South","Delaware","DE",944076,953,17.2,1001.9,20.7,0.00100945262881378,1.82188722094408e-05
2015,"Pacific","West","Hawaii","HI",1425157,7620,17.8,6497.5,22.91,0.00534677933729407,1.24898519952539e-05
2015,"Mountain","West","Idaho","ID",1652828,1966,270,1976.3,352.13,0.00118947646095056,0.00016335638070023
2015,"East North Central","Midwest","Illinois","IL",12839047,13177,704.3,13811.3,890.01,0.00102632228077364,5.48560964065324e-05
2015,"East North Central","Midwest","Indiana","IN",6612768,5863,570.9,6437.2,755.65,0.000886618130259522,8.63329849164525e-05
2015,"West North Central","Midwest","Iowa","IA",3121997,3081,486,3088.7,585.65,0.000986868341000968,0.00015566959225137
2015,"West North Central","Midwest","Kansas","KS",2906721,2348,444.8,2094.9,532.9,0.000807783065522972,0.000153024662497708
2015,"East South Central","South","Kentucky","KY",4424611,4538,881.4,5919.3,939.44,0.00102562688561774,0.00019920395261866
2015,"West South Central","South","Louisiana","LA",4668960,4081,542.3,7093.1,328.47,0.000874070456804085,0.000116150063397416
2015,"New England","Northeast","Maine","ME",1329453,2372,106.9,2528.8,128.84,0.00178419244606616,8.04090103222904e-05
2015,"South Atlantic","South","Maryland","MD",5994983,8390,168.6,9319.2,175.84,0.00139950355155302,2.8123515946584e-05
2015,"New England","Northeast","Massachusetts","MA",6784240,21135,100.2,17693.5,113.1,0.00311530842069266,1.47695246630426e-05
2015,"East North Central","Midwest","Michigan","MI",9917715,10516,0,15296.9,658.28,0.00106032488330225,0
2015,"West North Central","Midwest","Minnesota","MN",5482435,7546,511.7,7727.1,651.42,0.00137639570738185,9.33344398976002e-05
2015,"East South Central","South","Mississippi","MS",2989390,1983,732.1,2194.7,851.98,0.000663346033806228,0.000244899461094069
2015,"West North Central","Midwest","Missouri","MO",6076204,6722,754.2,7911,917.75,0.00110628280419815,0.000124123548188968
2015,"Mountain","West","Montana","MT",1032073,1709,305,1572.9,354.64,0.00165589062014024,0.000295521731505426
2015,"West North Central","Midwest","Nebraska","NE",1893765,2744,306,3411.7,381.19,0.00144896542073594,0.000161582878551457
2015,"Mountain","West","Nevada","NV",2883758,8743,132.8,8907.1,156.47,0.00303180780079327,4.60510209247794e-05
2015,"New England","Northeast","New Hampshire","NH",1330111,1445,44,1608.5,52.18,0.00108637549798475,3.30799459593974e-05
2015,"Middle Atlantic","Northeast","New Jersey","NJ",8935421,10098,163.1,12788,175.24,0.00113010903459389,1.82531970233971e-05
2015,"Mountain","West","New Mexico","NM",2080328,2629,254.5,3028.3,241.53,0.00126374302513834,0.000122336477709284
2015,"Middle Atlantic","Northeast","New York","NY",19747183,88250,431.5,71603.2,497.59,0.00446899185569911,2.18512179686591e-05
2015,"South Atlantic","South","North Carolina","NC",10035186,10685,700.7,11964.5,935.65,0.00106475355813036,6.98243161611554e-05
2015,"West North Central","Midwest","North Dakota","ND",756835,1305,221.6,966.9,249.92,0.00172428600685751,0.000292798298175956
2015,"East North Central","Midwest","Ohio","OH",11605090,11182,592,12218.6,807.37,0.000963542721340377,5.10120990013865e-05
2015,"West South Central","South","Oklahoma","OK",3907414,3777,368.4,4427.4,436.06,0.000966623961525449,9.42823053815132e-05
2015,"Pacific","West","Oregon","OR",4024634,13226,282,16057.6,360.16,0.00328626155819386,7.00684832459299e-05
2015,"Middle Atlantic","Northeast","Pennsylvania","PA",12791904,15421,437,15222.1,523.41,0.00120552812153687,3.41622326121272e-05
2015,"New England","Northeast","Rhode Island","RI",1055607,1111,35.8,1264.9,44.97,0.00105247502148053,3.39141366057633e-05
2015,"South Atlantic","South","South Carolina","SC",4894834,5354,371.8,5228,469.11,0.00109380624552334,7.59576320667872e-05
2015,"West North Central","Midwest","South Dakota","SD",857919,1036,300.5,839.2,333.56,0.0012075732091258,0.000350266167318826
2015,"East South Central","South","Tennessee","TN",6595056,9123,750.6,9710.7,893,0.00138330895143271,0.000113812528657831
2015,"West South Central","South","Texas","TX",27429639,23678,1200.5,32773.3,1161.96,0.00086322681826035,4.37665256914245e-05
2015,"Mountain","West","Utah","UT",2990632,3025,173.9,3237.1,204.88,0.00101149188532725,5.81482442507136e-05
2015,"New England","Northeast","Vermont","VT",626088,1523,72.2,1238,86.63,0.00243256539016879,0.000115319252245691
2015,"South Atlantic","South","Virginia","VA",8367587,7001,814.4,8130.1,745.68,0.000836680873470452,9.73279393449987e-05
2015,"Pacific","West","Washington","WA",7160290,19419,331.6,20838.4,384.88,0.00271204099275309,4.63109734382267e-05
2015,"South Atlantic","South","West Virginia","WV",1841053,1835,470.3,2045.2,470.39,0.000996712207633349,0.000255451635558563
2015,"East North Central","Midwest","Wisconsin","WI",5767891,6057,456.3,5966.8,580.5,0.00105012386676517,7.9110371537881e-05
2015,"Mountain","West","Wyoming","WY",586555,798,105.1,859.8,127.62,0.00136048622891289,0.000179181832905695
2016,"East South Central","South","Alabama","AL",4863300,4111,487.5,5106.3,624,0.00084531079719532,0.000100240577385726
2016,"Mountain","West","Arizona","AZ",6931071,9707,116.4,11803.2,149.56,0.00140050505903056,1.67939413692343e-05
2016,"West South Central","South","Arkansas","AR",2988248,2463,417.8,3211.4,633.61,0.000824228778869759,0.00013981436614364
2016,"Pacific","West","California","CA",39250017,118142,453.3,123428.5,498.51,0.00300998595745831,1.15490395838555e-05
2016,"Mountain","West","Colorado","CO",5540545,10550,215,13189.1,415.96,0.00190414480885906,3.88048468156111e-05
2016,"New England","Northeast","Connecticut","CT",3576452,3902,47.3,4354.2,58.62,0.0010910254073031,1.32253976846327e-05
2016,"South Atlantic","South","Delaware","DE",952065,1070,15.8,1001.9,20.7,0.00112387284481627,1.65955055589692e-05
2016,"Pacific","West","Hawaii","HI",1428557,7921,13.8,6497.5,22.91,0.00554475600203562,9.66009756698543e-06
2016,"Mountain","West","Idaho","ID",1683140,2247,257.9,1976.3,352.13,0.0013350048124339,0.000153225518970496
2016,"East North Central","Midwest","Illinois","IL",12801539,11590,816.7,13811.3,890.01,0.00090535989461892,6.37970169055455e-05
2016,"East North Central","Midwest","Indiana","IN",6633053,5798,486.9,6437.2,755.65,0.000874107292675032,7.3405112246201e-05
2016,"West North Central","Midwest","Iowa","IA",3134693,3064,464.3,3088.7,585.65,0.000977448190301251,0.000148116577923261
2016,"West North Central","Midwest","Kansas","KS",2907289,2008,446.1,2094.9,532.9,0.000690677810152345,0.000153441917882949
2016,"East South Central","South","Kentucky","KY",4436974,4237,937.9,5919.3,939.44,0.000954930094248918,0.00021138280278406
2016,"West South Central","South","Louisiana","LA",4681666,3994,469,7093.1,328.47,0.000853115109023155,0.000100178013553295
2016,"New England","Northeast","Maine","ME",1331479,2241,84,2528.8,128.84,0.00168309075847235,6.30877392733945e-05
2016,"South Atlantic","South","Maryland","MD",6016447,7689,141.6,9319.2,175.84,0.00127799679777782,2.35354853121784e-05
2016,"New England","Northeast","Massachusetts","MA",6811779,19608,85.7,17693.5,113.1,0.00287854318233166,1.25811480378327e-05
2016,"East North Central","Midwest","Michigan","MI",9928300,9316,528.5,15296.9,658.28,0.000938327810400572,5.32316710816555e-05
2016,"West North Central","Midwest","Minnesota","MN",5519952,7341,513.9,7727.1,651.42,0.0013299028687206,9.30986356403099e-05
2016,"East South Central","South","Mississippi","MS",2988726,1738,695.9,2194.7,851.98,0.000581518680534783,0.000232841685721608
2016,"West North Central","Midwest","Missouri","MO",6093000,6441,608.5,7911,917.75,0.00105711472181192,9.98687017889381e-05
2016,"Mountain","West","Montana","MT",1042520,1418,300.8,1572.9,354.64,0.00136016575221578,0.000288531634884702
2016,"West North Central","Midwest","Nebraska","NE",1907116,2754,311.2,3411.7,381.19,0.00144406527972079,0.000163178327904543
2016,"Mountain","West","Nevada","NV",2940058,7398,121,8907.1,156.47,0.00251627688977564,4.11556506708371e-05
2016,"New England","Northeast","New Hampshire","NH",1334795,1366,32.9,1608.5,52.18,0.00102337812173405,2.46479796523062e-05
2016,"Middle Atlantic","Northeast","New Jersey","NJ",8944469,8895,111.6,12788,175.24,0.000994469319531433,1.24769843799559e-05
2016,"Mountain","West","New Mexico","NM",2081015,2263,239.5,3028.3,241.53,0.0010874501144874,0.000115088070004301
2016,"Middle Atlantic","Northeast","New York","NY",19745289,86352,368.4,71603.2,497.59,0.0043732963341281,1.86576149885677e-05
2016,"South Atlantic","South","North Carolina","NC",10146788,9559,673.5,11964.5,935.65,0.000942071520563946,6.63756846008806e-05
2016,"West North Central","Midwest","North Dakota","ND",757952,923,234.4,966.9,249.92,0.00121775521405049,0.00030925441188888
2016,"East North Central","Midwest","Ohio","OH",11614373,10404,589.4,12218.6,807.37,0.000895786625761029,5.0747466092229e-05
2016,"West South Central","South","Oklahoma","OK",3923561,4107,371.9,4427.4,436.06,0.00104675319180714,9.47863433243423e-05
2016,"Pacific","West","Oregon","OR",4093465,13238,231.6,16057.6,360.16,0.0032339350647923,5.65779846658027e-05
2016,"Middle Atlantic","Northeast","Pennsylvania","PA",12784227,15339,397.1,15222.1,523.41,0.00119983789399234,3.10617137821473e-05
2016,"New England","Northeast","Rhode Island","RI",1056426,1160,29.7,1264.9,44.97,0.00109804188840487,2.81136586945039e-05
2016,"South Atlantic","South","South Carolina","SC",4961119,5051,304.3,5228,469.11,0.00101811708205346,6.13369685347197e-05
2016,"West North Central","Midwest","South Dakota","SD",865454,1072,244.9,839.2,333.56,0.00123865624285057,0.000282972867419874
2016,"East South Central","South","Tennessee","TN",6651194,8779,571.7,9710.7,893,0.00131991338697984,8.59544917799721e-05
2016,"West South Central","South","Texas","TX",27862596,23122,1253.3,32773.3,1161.96,0.000829858064912544,4.49814511181944e-05
2016,"Mountain","West","Utah","UT",3051217,2807,177.9,3237.1,204.88,0.000919960789416158,5.83046043595064e-05
2016,"New England","Northeast","Vermont","VT",624594,1117,67,1238,86.63,0.00178836171977316,0.000107269682385678
2016,"South Atlantic","South","Virginia","VA",8411808,6268,696.9,8130.1,745.68,0.000745143018005166,8.28478253426612e-05
2016,"Pacific","West","Washington","WA",7288000,20827,323.7,20838.4,384.88,0.00285771130625686,4.44154774972558e-05
2016,"South Atlantic","South","West Virginia","WV",1831102,1387,475.1,2045.2,470.39,0.000757467361184686,0.00025946124246492
2016,"East North Central","Midwest","Wisconsin","WI",5778708,5685,444.9,5966.8,580.5,0.000983783918481432,7.69895277629532e-05
2016,"Mountain","West","Wyoming","WY",585501,857,130.2,859.8,127.62,0.00146370373406706,0.000222373659481367
